time,x1,y1,x2,y2,mode,bits1,bits2,bits3,bits4
0.02,-0.0,1.2345670461654663,4.5,-2.75,0,80000000,3f9e064b,40900000,c0300000
0.05,0.6494381427764893,-0.19900083541870117,-0.35056185722351074,0.19900083541870117,0,3f264194,be4bc6e0,beb37cd8,3e4bc6e0
0.09,-0.23326855897903442,0.19676874577999115,0.7667314410209656,-0.19676874577999115,0,be6eddf4,3e497dbf,3f444883,be497dbf
0.11,-0.17595696449279785,0.19517949223518372,0.8240430355072021,-0.19517949223518372,0,be342e10,3e47dd22,3f52f47c,be47dd22
0.14,0.9077604413032532,-0.1922110915184021,-0.09223954379558563,0.1922110915184021,0,3f6862fd,be44d2fc,bdbce816,3e44d2fc
0.18000000000000002,0.014135991223156452,0.18717937171459198,1.0141359567642212,-0.18717937171459198,0,3c679aa5,3e3fabf3,3f81cf35,be3fabf3
0.2,0.06464247405529022,0.18421219289302826,1.0646424293518066,-0.18421219289302826,0,3d846346,3e3ca21f,3f884634,be3ca21f
0.23,1.1365371942520142,-0.17921049892902374,0.13653717935085297,0.17921049892902374,0,3f917a0d,be3782f5,3e0bd067,3e3782f5
0.27,0.22428716719150543,0.1715417355298996,1.2242871522903442,-0.1715417355298996,0,3e65ab89,3e2fa8a3,3f9cb571,be2fa8a3
0.29000000000000004,0.2643289268016815,0.1672925353050232,1.264328956604004,-0.1672925353050232,0,3e87561f,3e2b4ebc,3fa1d588,be2b4ebc
0.32000000000000006,1.319191575050354,-0.16041915118694305,0.319191575050354,0.16041915118694305,0,3fa8db45,be2444eb,3ea36d14,3e2444eb
0.36000000000000004,0.3819577991962433,0.15036115050315857,1.381957769393921,-0.15036115050315857,0,3ec38ff9,3e19f846,3fb0e3fe,be19f846
0.38000000000000006,0.4086335003376007,0.1449671983718872,1.4086334705352783,-0.1449671983718872,0,3ed13869,3e147248,3fb44e1a,be147248
0.41000000000000003,1.4424887895584106,-0.13644424080848694,0.44248878955841064,0.13644424080848694,0,3fb8a379,be0bb80a,3ee28de4,3e0bb80a
0.45,0.47572335600852966,0.12432199716567993,1.475723385810852,-0.12432199716567993,0,3ef39203,3dfe9c88,3fbce481,bdfe9c88
0.47000000000000003,0.48710009455680847,0.11795760691165924,1.4871001243591309,-0.11795760691165924,0,3ef9652f,3df193c2,3fbe594c,bdf193c2
0.5,1.4974949359893799,-0.10806046426296234,0.49749499559402466,0.10806046426296234,0,3fbfadea,bddd4ece,3efeb7aa,3ddd4ece
0.7,0.3632093667984009,0.0339934304356575,1.3632093667984009,-0.0339934304356575,0,3eb9f694,3d0b3cb2,3fae7da5,bd0b3cb2
0.72,0.33138346672058105,0.026084741577506065,1.331383466720581,-0.026084741577506065,0,3ea9ab18,3cd5afab,3faa6ac6,bcd5afab
0.75,1.2780731916427612,-0.0141474399715662,0.27807319164276123,0.0141474399715662,0,3fa397e7,bc67caaa,3e8e5f9c,3c67caaa
0.79,0.1972777396440506,-0.0018407086608931422,1.1972777843475342,0.0018407086608931422,0,3e4a032d,baf143ef,3f994066,3af143ef
0.81,0.15304075181484222,-0.009836764074862003,1.1530407667160034,0.009836764074862003,0,3e1cb6b7,bc212a61,3f9396d7,3c212a61
0.8400000000000001,1.0823307037353516,0.02179734967648983,0.08233065158128738,-0.02179734967648983,0,3f8a89d0,3cb2905b,3da89cf9,bcb2905b
0.8400000000000001,0.08233065158128738,-0.02179734967648983,1.0823307037353516,0.02179734967648983,0,3da89cf9,bcb2905b,3f8a89d0,3cb2905b
0.8600000000000001,0.03253490850329399,-0.029730139300227165,1.0325349569320679,0.029730139300227165,0,3d054353,bcf38c9f,3f842a1b,3cf38c9f
0.8900000000000001,0.9543056488037109,0.041536200791597366,-0.04569432884454727,-0.041536200791597366,0,3f744d60,3d2a21dd,bd3b29fa,bd2a21dd
0.9300000000000002,-0.15560653805732727,-0.05703781172633171,0.8443934917449951,0.05703781172633171,0,be1f5752,bd69a07b,3f582a2c,3d69a07b
0.9500000000000002,-0.2125219851732254,-0.06465791165828705,0.7874780297279358,0.06465791165828705,0,be599f5d,bd846b5e,3f499829,3d846b5e
0.9800000000000002,0.7002300024032593,0.07589035481214523,-0.2997700273990631,-0.07589035481214523,0,3f334246,3d9b6c67,be997b75,bd9b6c67
1.0200000000000002,-0.41849786043167114,-0.09043522924184799,0.5815021395683289,0.09043522924184799,0,bed6455a,bdb9361b,3f14dd53,3db9361b
1.0400000000000003,-0.4784090220928192,-0.09749642014503479,0.5215909481048584,0.09749642014503479,0,bef4f207,bdc7ac34,3f0586fc,3dc7ac34
1.0700000000000003,0.4316459894180298,0.10779228806495667,-0.5683540105819702,-0.10779228806495667,0,3edd00b4,3ddcc234,bf117fa6,bddcc234
1.1100000000000003,-0.6872946619987488,-0.12091045081615448,0.3127053380012512,0.12091045081615448,0,bf2ff28b,bdf79fe6,3ea01aea,3df79fe6
1.1300000000000003,-0.7458605170249939,-0.12718456983566284,0.2541394829750061,0.12718456983566284,0,bf3ef0b7,be023cac,3e821e92,3e023cac
1.1600000000000004,0.16801480948925018,0.13621117174625397,-0.8319851756095886,-0.13621117174625397,0,3e2c0c13,3e0b7af1,bf54fcfb,be0b7af1
1.2000000000000004,-0.9425204396247864,-0.14747874438762665,0.057479556649923325,0.14747874438762665,0,bf714905,be1704ab,3d6b6faf,3e1704ab
1.2200000000000004,-0.9954973459243774,-0.15276303887367249,0.004502627067267895,0.15276303887367249,0,bf7ed8ea,be1c6dea,3b938ac6,3e1c6dea
1.2500000000000004,-0.07156132161617279,0.16022872924804688,-1.071561336517334,-0.16022872924804688,0,bd928ebe,3e241300,bf8928ec,be241300
1.2900000000000005,-1.1656819581985474,-0.16928160190582275,-0.16568198800086975,0.16928160190582275,0,bf953511,be2d5828,be29a88a,3e2d5828
1.3100000000000005,-1.2092313766479492,-0.17340534925460815,-0.2092313915491104,0.17340534925460815,0,bf9ac818,be31912c,be5640c1,3e31912c
1.3400000000000005,-0.26972314715385437,0.17906886339187622,-1.2697231769561768,-0.17906886339187622,0,be8a1927,3e375dd4,bfa2864a,be375dd4
1.3800000000000006,-1.3406094312667847,-0.18561454117298126,-0.3406094014644623,0.18561454117298126,0,bfab9917,be3e11bd,beae645b,3e3e11bd
1.4000000000000006,-1.3715757131576538,-0.18844446539878845,-0.3715757727622986,0.18844446539878845,0,bfaf8fcb,be40f796,bebe3f2e,3e40f796
1.4300000000000006,-0.41211220622062683,0.19212281703948975,-1.4121122360229492,-0.19212281703948975,0,bed3005f,3e44bbd8,bfb4c018,be44bbd8
1.4700000000000006,-1.4546277523040771,-0.19594977796077728,-0.45462778210639954,0.19594977796077728,0,bfba313e,be48a70f,bee8c4f9,3e48a70f
1.4900000000000007,-1.4707673788070679,-0.197394460439682,-0.4707673490047455,0.197394460439682,0,bfbc421b,be4a21c6,bef1086b,3e4a21c6
1.5200000000000007,-0.4884112477302551,0.1989687830209732,-1.4884113073349,-0.1989687830209732,0,befa110a,3e4bbe79,bfbe8443,be4bbe79
1.5600000000000007,-1.4994754791259766,-0.1999533772468567,-0.49947550892829895,0.1999533772468567,0,bfbfeed0,be4cc094,beffbb41,3e4cc094
1.5800000000000007,-1.4996188879013062,-0.19996611773967743,-0.4996188282966614,0.19996611773967743,1,bfbff383,be4cc3eb,beffce0a,3e4cc3eb
1.6100000000000008,-0.49309179186820984,0.19938553869724274,-1.4930918216705322,-0.19938553869724274,1,bfbfb07b,be4ca943,befec1ec,3e4ca943
1.6500000000000008,-1.4719030857086182,-0.1974959522485733,-0.4719030559062958,0.1974959522485733,1,bfbdd42f,be4c09e6,bef750bd,3e4c09e6
1.6700000000000008,-1.4560397863388062,-0.19607634842395782,-0.45603975653648376,0.19607634842395782,1,bfbc2daa,be4b8130,bef0b6a6,3e4b8130
1.7000000000000008,-0.425814688205719,0.1933596432209015,-1.4258146286010742,-0.1933596432209015,1,bfb880ae,be4a1e44,bee202bb,3e4a1e44
1.7400000000000009,-1.373908281326294,-0.18865692615509033,-0.37390825152397156,0.18865692615509033,1,bfb1e9a3,be4710ed,bec7a68b,3e4710ed
1.760000000000001,-1.343187689781189,-0.1858508437871933,-0.34318774938583374,0.1858508437871933,1,bfae05f5,be45225f,beb817d5,3e45225f
1.790000000000001,-0.2914547026157379,0.18108578026294708,-1.2914546728134155,-0.18108578026294708,1,bfa76030,be416a18,be9d80c1,3e416a18
1.830000000000001,-1.2125916481018066,-0.17372189462184906,-0.21259163320064545,0.17372189462184906,1,bf9d4222,be3b16e6,be6a110b,3e3b16e6
1.850000000000001,-1.16923987865448,-0.16962000727653503,-0.1692398637533188,0.16962000727653503,1,bf97b9bd,be378023,be3dcde5,3e378023
1.880000000000001,-0.09974732995033264,0.16296055912971497,-1.0997473001480103,-0.16296055912971497,1,bf8eceda,be3159f2,bdeceda4,3e3159f2
1.920000000000001,-0.9996418952941895,-0.15317344665527344,0.0003581168712116778,0.15317344665527344,1,bf81fa79,be27fa39,bc7d3c4a,3e27fa39
1.940000000000001,-0.9468000531196594,-0.1479083001613617,0.053199946880340576,0.1479083001613617,1,bf767245,be22ec53,3d18dbaa,3e22ec53
1.970000000000001,0.1354166567325592,0.13956966996192932,-0.8645833134651184,-0.13956966996192932,1,bf615de5,be1ab91f,3df510d8,3e1ab91f
2.010000000000001,-0.7504889965057373,-0.12767557799816132,0.2495110183954239,0.12767557799816132,1,bf442262,be0edd52,3e6f7679,3e0edd52
2.030000000000001,-0.6919859051704407,-0.12141729891300201,0.3080140948295593,0.12141729891300201,1,bf352904,be08a3f3,3e95adf8,3e08a3f3
2.060000000000001,0.39699769020080566,0.1116689071059227,-0.6030023097991943,-0.1116689071059227,1,bf1e5b79,bdfda81c,3ec3490e,3dfda81c
2.260000000000001,-0.023372258991003036,-0.03824086859822273,0.976627767086029,0.03824086859822273,1,bcbf772e,bd1ca275,3f7a0447,3d1ca275
2.280000000000001,0.028484739363193512,-0.030359972268342972,1.0284847021102905,0.030359972268342972,1,3c31b68d,bd136379,3f81636d,3d136379
2.310000000000001,1.1026475429534912,0.018451521173119545,0.102647565305233,-0.018451521173119545,1,3dade705,bce60942,3f8ade70,3ce60942
2.350000000000001,0.19384494423866272,-0.0024777327198535204,1.1938449144363403,0.0024777327198535204,1,3e363f05,bc6677b7,3f96c7e0,3c6677b7
2.370000000000001,0.23577794432640076,0.0055215023458004,1.2357779741287231,-0.0055215023458004,1,3e620210,bbd7d2ef,3f9c4042,3bd7d2ef
2.400000000000001,1.2936679124832153,-0.01749979704618454,0.29366785287857056,0.01749979704618454,1,3e8ed94b,3ba5c883,3fa3b653,bba5c883
2.400000000000001,0.29366785287857056,0.01749979704618454,1.2936679124832153,-0.01749979704618454,1,3e8ed94b,3ba5c883,3fa3b653,bba5c883
2.420000000000001,0.3287188708782196,0.02545299008488655,1.328718900680542,-0.02545299008488655,1,3ea0f828,3c5360c7,3fa83e0a,bc5360c7
2.4500000000000006,1.3756667375564575,-0.03730247542262077,0.37566670775413513,0.03730247542262077,1,3eb91abf,3cca3ff1,3fae46b0,bcca3ff1
2.4900000000000007,0.4271804094314575,0.05288564786314964,1.4271804094314575,-0.05288564786314964,1,3ed3a808,3d24f0e1,3fb4ea02,bd24f0e1
2.5100000000000007,0.44797539710998535,0.06055653095245361,1.4479753971099854,-0.06055653095245361,1,3edea206,3d447d26,3fb7a881,bd447d26
2.5400000000000005,1.4727509021759033,-0.07187741994857788,0.4727509617805481,0.07187741994857788,1,3eeb8d15,3d73099b,3fbae345,bd73099b
2.5800000000000005,0.4935111105442047,0.0865626260638237,1.4935110807418823,-0.0865626260638237,1,3ef6b478,3d97becf,3fbdad1e,bd97becf
2.6000000000000005,0.4985433518886566,0.09370333701372147,1.498543381690979,-0.09370333701372147,1,3efa1a7f,3da68562,3fbe86a0,bda68562
2.6300000000000003,1.4993513822555542,-0.10412981361150742,0.4993514120578766,0.10412981361150742,1,3efbf4f2,3dbc0c13,3fbefd3c,bdbc0c13
2.6700000000000004,0.4878537952899933,0.1174425408244133,1.487853765487671,-0.1174425408244133,1,3efb1981,3dd78f7c,3fbec660,bdd78f7c
2.6900000000000004,0.4767586290836334,0.12382233887910843,1.476758599281311,-0.12382233887910843,1,3ef87806,3de4da74,3fbe1e01,bde4da74
2.72,1.4535406827926636,-0.13301751017570496,0.4535406529903412,0.13301751017570496,1,3eef041e,3df7f1f9,3fbbc108,bdf7f1f9
2.7600000000000002,0.4106183648109436,0.1445275843143463,1.4106184244155884,-0.1445275843143463,1,3eda26a6,3e07f181,3fb689aa,be07f181
2.7800000000000002,0.38419970870018005,0.14994031190872192,1.3841997385025024,-0.14994031190872192,1,3ecd068a,3e0da537,3fb341a3,be0da537
2.81,1.3386380672454834,-0.1576070487499237,0.338638037443161,0.1576070487499237,1,3eb5adb5,3e15afe1,3fad6b6d,be15afe1
2.85,0.26740115880966187,0.1669425517320633,1.267401099205017,-0.1669425517320633,1,3e911fce,3e1f84e2,3fa447f3,be1f84e2
2.87,0.22757329046726227,0.1712133288383484,1.227573275566101,-0.1712133288383484,1,3e799f11,3e241d47,3f9f33e2,be241d47
2.9,1.1629692316055298,-0.1771039068698883,0.16296923160552979,0.1771039068698883,1,3e3744b8,3e2a6e24,3f96e897,be2a6e24
2.94,0.06857943534851074,0.18396317958831787,1.0685794353485107,-0.18396317958831787,1,3dacf061,3e31ddfa,3f8acf06,be31ddfa
2.96,0.018228206783533096,0.18695399165153503,1.0182281732559204,-0.18695399165153503,1,3d0bfbdd,3e353ee3,3f845fdf,be353ee3
2.9899999999999998,0.939262866973877,-0.19087806344032288,-0.06073714792728424,0.19087806344032288,1,bd3806ae,3e39b369,3f747f95,be39b369
3.03,-0.17144054174423218,0.19503948092460632,0.8285594582557678,-0.19503948092460632,1,be1f78ae,3e3e9e0f,3f5821d4,be3e9e0f
3.05,-0.2286667674779892,0.19665369391441345,0.7713332176208496,-0.19665369391441345,1,be5a0b04,3e40bdeb,3f497d3f,be40bdeb
3.0799999999999996,0.6837282776832581,-0.19848445057868958,-0.31627172231674194,0.19848445057868958,1,be99ed23,3e435399,3f33096e,be435399
3.1199999999999997,-0.4352673292160034,0.19981352984905243,0.5647326707839966,-0.19981352984905243,1,bed6e510,3e45ccee,3f148d78,be45ccee
3.1399999999999997,-0.4952220618724823,0.19999898970127106,0.5047779679298401,-0.19999898970127106,2,befd8dbf,3e4ccc89,3f013921,be4ccc89
3.1699999999999995,0.4148810803890228,-0.19967728853225708,-0.5851188898086548,0.19967728853225708,2,bf10df6f,3e4cc7c1,3ede4121,be4cc7c1
3.2099999999999995,-0.7037845253944397,0.19813109934329987,0.2962154448032379,-0.19813109934329987,2,bf2e877f,3e4c90da,3ea2f101,be4c90da
3.2299999999999995,-0.7621235251426697,0.19688178598880768,0.23787644505500793,-0.19688178598880768,2,bf3d63e4,3e4c5655,3e853837,be4c5655
3.2599999999999993,0.15220144391059875,-0.1944180428981781,-0.8477985262870789,0.1944180428981781,2,bf534daf,3e4ba3d2,3e32c944,be4ba3d2
3.2999999999999994,-0.9575359225273132,0.1900465190410614,0.042464107275009155,-0.1900465190410614,2,bf6f65ee,3e49d285,3d84d091,be49d285
3.3199999999999994,-1.010032057762146,0.18740282952785492,-0.010032040067017078,-0.18740282952785492,2,bf7cd9f7,3e489093,3c498264,be489093
3.349999999999999,-0.08527732640504837,-0.18287663161754608,-1.0852773189544678,0.18287663161754608,2,bf880ed0,3e45f50e,bd80ecfd,be45f50e
3.3899999999999992,-1.1781350374221802,0.17582105100154877,-0.1781350076198578,-0.17582105100154877,2,bf93f2e1,3e411dec,be1f9706,be411dec
3.4099999999999993,-1.2209845781326294,0.17186839878559113,-0.22098451852798462,-0.17186839878559113,2,bf997233,3e3e3a81,be4b9198,be3e3a81
3.439999999999999,-0.28034794330596924,-0.16542600095272064,-1.2803479433059692,0.16542600095272064,2,bfa10be5,3e39143c,be842f95,be39143c
3.479999999999999,-1.349597692489624,0.1559143364429474,-0.349597692489624,-0.1559143364429474,2,bfa9eb8c,3e30d9fb,bea7ae30,be30d9fb
3.499999999999999,-1.3796957731246948,0.15078045427799225,-0.3796957731246948,-0.15078045427799225,2,bfadcb4e,3e2c49b3,beb72d3a,be2c49b3
3.529999999999999,-0.41887596249580383,-0.14263001084327698,-1.4188759326934814,0.14263001084327698,2,bfb2d13a,3e24be0c,becb44e9,be24be0c
3.569999999999999,-1.4595000743865967,0.13096962869167328,-0.4595000147819519,-0.13096962869167328,2,bfb80abb,3e19949a,bee02aeb,be19949a
3.589999999999999,-1.4746657609939575,0.12482038885354996,-0.4746658205986023,-0.12482038885354996,2,bfba06d9,3e13a227,bee81b67,be13a227
3.6199999999999988,-0.4908238649368286,-0.11522529274225235,-1.4908238649368286,0.11522529274225235,2,bfbc2307,3e0a3058,bef08c1c,be0a3058
3.819999999999999,-1.3940789699554443,0.042470481246709824,-0.39407894015312195,-0.042470481246709824,2,bfb2712e,3d2df587,bec9c4b7,bd2df587
3.839999999999999,-1.3656116724014282,0.03462104871869087,-0.36561164259910583,-0.03462104871869087,2,bfb080e6,3d25de7c,bec20398,bd25de7c
3.8699999999999988,-0.31710463762283325,-0.022746998816728592,-1.317104697227478,0.022746998816728592,2,bfab1bb6,3d0ba699,beac6ed6,bd0ba699
3.909999999999999,-1.2422157526016235,0.006795018911361694,-0.24221573770046234,-0.006795018911361694,2,bfa1cd54,3cb67778,be87354f,bcb67778
3.929999999999999,-1.2006945610046387,-0.0012036659754812717,-0.20069462060928345,0.0012036659754812717,2,bf9c8d08,3c813300,be646840,bc813300
3.9599999999999986,-0.1337338536977768,0.013194084167480469,-1.133733868598938,-0.013194084167480469,2,bf93feed,3baa7a41,be1ff76a,bbaa7a41
3.9599999999999986,-1.133733868598938,-0.013194084167480469,-0.1337338536977768,0.013194084167480469,2,bf93feed,3baa7a41,be1ff76a,bbaa7a41
3.9799999999999986,-1.0862082242965698,-0.021163973957300186,-0.08620823919773102,0.021163973957300186,2,bf8deb9f,bb08bcb4,bddeb9f2,3b08bcb4
4.009999999999999,-0.01101965643465519,0.03305135667324066,-1.0110197067260742,-0.03305135667324066,2,bf844b51,bc5a6afe,bd096a16,3c5a6afe
4.049999999999999,-0.9044438004493713,-0.048708830028772354,0.09555617719888687,0.048708830028772354,2,bf6d4dd1,bce99b5a,3d959178,3ce99b5a
4.0699999999999985,-0.8488751649856567,-0.056426919996738434,0.15112480521202087,0.056426919996738434,2,bf5f15f0,bd13c4b4,3e03a83f,3d13c4b4
4.099999999999999,0.2367682158946991,0.06783097237348557,-0.7632318139076233,-0.06783097237348557,2,bf492720,bd41e36b,3e5b6383,3d41e36b
4.139999999999999,-0.6458485126495361,-0.08264967054128647,0.35415148735046387,0.08264967054128647,2,bf2b1957,bd7e3a16,3ea9cd52,3d7e3a16
4.159999999999998,-0.5862632393836975,-0.08986656367778778,0.4137367308139801,0.08986656367778778,2,bf1bd88d,bd8dded4,3ec84ee5,3d8dded4
4.189999999999999,0.5036293864250183,0.10041879117488861,-0.4963706135749817,-0.10041879117488861,2,bf04d3ea,bda37ad5,3ef6582c,3da37ad5
4.229999999999999,-0.3766852915287018,-0.11391987651586533,0.6233146786689758,0.11391987651586533,2,becc5e23,bdbf3309,3f19d0ee,3dbf3309
4.249999999999998,-0.31740087270736694,-0.12040238082408905,0.6825991272926331,0.12040238082408905,2,beae00d4,bdcc9003,3f28ff96,3dcc9003
4.2799999999999985,0.7702275514602661,0.12976181507110596,-0.2297724336385727,-0.12976181507110596,2,be812183,bddfd94b,3f3f6f3e,3ddfd94b
4.3199999999999985,-0.1164572462439537,-0.1415090411901474,0.8835427761077881,0.1415090411901474,2,be0e3414,bdf81b04,3f5c72fb,3df81b04
4.339999999999998,-0.0617692694067955,-0.14704768359661102,0.9382307529449463,0.14704768359661102,2,bdac4e70,be01cdd8,3f6a7632,3e01cdd8
4.369999999999998,1.0172455310821533,0.15491190552711487,0.01724555343389511,-0.15491190552711487,2,bba7828c,be09f6ab,3f7eb0fb,3e09f6ab
4.409999999999998,0.11597999185323715,-0.16452567279338837,1.1159800291061401,0.16452567279338837,2,3dbfcf2a,be13f8f9,3f8bfcf3,3e13f8f9
4.429999999999998,0.162108913064003,-0.16894149780273438,1.1621088981628418,0.16894149780273438,2,3e0f3a27,be189d80,3f91e745,3e189d80
4.459999999999998,1.2267848253250122,0.1750563681125641,0.2267848551273346,-0.1750563681125641,2,3e517730,be1f0bb4,3f9a2ee6,3e1f0bb4
4.499999999999998,0.30378443002700806,-0.1822260469198227,1.3037843704223633,0.1822260469198227,2,3e90300e,be26a5de,3fa40c03,3e26a5de
4.519999999999998,0.33801186084747314,-0.1853763610124588,1.3380118608474731,0.1853763610124588,2,3ea1c8e4,be2a0e49,3fa87239,3e2a0e49
4.549999999999998,1.3836625814437866,0.18954432010650635,0.3836626410484314,-0.18954432010650635,2,3eb92da8,be2e9806,3fae4b6a,3e2e9806
4.589999999999998,0.4333480894565582,-0.19403822720050812,1.4333480596542358,0.19403822720050812,2,3ed2b047,be339f11,3fb4ac11,3e339f11
4.609999999999998,0.4531939923763275,-0.19582122564315796,1.45319402217865,0.19582122564315796,2,3edcfc60,be35bbb5,3fb73f18,3e35bbb5
4.639999999999998,1.476511836051941,0.19790759682655334,0.47651177644729614,-0.19790759682655334,2,3ee905cc,be3852e4,3fba4173,3e3852e4
4.679999999999998,0.49528300762176514,-0.19958053529262543,1.4952830076217651,0.19958053529262543,2,3ef2e641,be3ac7ba,3fbcb990,3e3ac7ba
4.6999999999999975,0.49930939078330994,-0.1999386101961136,1.4993094205856323,0.1999386101961136,1,3effa57b,be4cbcb5,3fbfe95f,3e4cbcb5
4.729999999999998,1.498604655265808,0.19987595081329346,0.4986046552658081,-0.19987595081329346,1,3eff94fc,be4cba12,3fbfe53f,3e4cba12
4.769999999999998,0.48510152101516724,-0.19867385923862457,1.4851014614105225,0.19867385923862457,1,3efc3aaa,be4c6cf1,3fbf0eaa,3e4c6cf1
4.789999999999997,0.473016619682312,-0.19759544730186462,1.473016619682312,0.19759544730186462,1,3ef824ef,be4c1d1d,3fbe093c,3e4c1d1d
4.819999999999998,1.4483404159545898,0.19538579881191254,0.44834041595458984,-0.19538579881191254,1,3eed0296,be4b2b60,3fbb40a6,3e4b2b60
4.859999999999998,0.40354132652282715,-0.19134750962257385,1.4035413265228271,0.19134750962257385,1,3ed6b2a1,be48d591,3fb5aca8,3e48d591
4.879999999999997,0.37622079253196716,-0.1888674646615982,1.3762208223342896,0.1888674646615982,1,3ec8fe85,be4749ea,3fb23fa1,3e4749ea
4.9099999999999975,1.3293612003326416,0.18458221852779388,0.3293611407279968,-0.18458221852779388,1,3eb0ef3a,be442bbb,3fac3bcf,3e442bbb
4.9499999999999975,0.2565121650695801,-0.17783823609352112,1.25651216506958,0.17783823609352112,1,3e8b8b60,be3ea3b8,3fa2e2d8,3e3ea3b8
4.969999999999997,0.2159356027841568,-0.1740366667509079,1.2159355878829956,0.1740366667509079,1,3e6dafe5,be3b70ed,3f9db5fd,3e3b70ed
4.999999999999997,1.1502878665924072,0.16781429946422577,0.15028783679008484,-0.16781429946422577,1,3e2a44d3,be35d954,3f95489b,3e35d954
5.039999999999997,0.05466746538877487,-0.15858252346515656,1.0546674728393555,0.15858252346515656,1,3d906d17,be2d28b8,3f8906d2,3e2d28b8
5.059999999999997,0.003774987068027258,-0.15358230471611023,1.0037750005722046,0.15358230471611023,1,3ca173ea,be286e10,3f8285d0,3e286e10
5.089999999999997,0.924095869064331,0.14562387764453888,-0.07590415328741074,-0.14562387764453888,1,bd763211,be20ae64,3f709cdf,3e20ae64
5.129999999999997,-0.18736742436885834,-0.13420261442661285,0.8126325607299805,0.13420261442661285,1,be2fca4e,be155dac,3f540d6c,3e155dac
5.149999999999997,-0.24488826096057892,-0.12816528975963593,0.7551117539405823,0.12816528975963593,1,be6aaac7,be0f6565,3f45554e,3e0f6565
5.179999999999997,0.6671746373176575,0.11872795224189758,-0.33282536268234253,-0.11872795224189758,1,bea2684a,be05eebe,3f2ecbdb,3e05eebe
5.379999999999997,-0.9187212586402893,-0.04668029025197029,0.0812787413597107,0.04668029025197029,1,bf6b3151,bd3f33d5,3da67578,3d3f33d5
5.399999999999997,-0.9724220037460327,-0.03886597976088524,0.027578013017773628,0.03886597976088524,1,bf745d54,bd361295,3d3a2ac7,3d361295
5.429999999999997,-0.0497264489531517,0.027031870558857918,-1.0497264862060547,-0.027031870558857918,1,bf841549,bd16007e,bd02a91a,3d16007e
5.469999999999997,-1.1457741260528564,-0.01110913697630167,-0.14577412605285645,0.01110913697630167,1,bf909e61,bcb9c65b,be04f30a,3cb9c65b
5.489999999999997,-1.1903963088989258,-0.003114731516689062,-0.19039630889892578,0.003114731516689062,1,bf966dd7,bc79476f,be336eb9,3c79476f
5.519999999999997,-0.252623051404953,-0.008882219903171062,-1.2526230812072754,0.008882219903171062,1,bf9e7160,bb6976dd,be738afd,3b6976dd
5.519999999999997,-1.2526230812072754,0.008882219903171062,-0.252623051404953,-0.008882219903171062,1,bf9e7160,bb6976dd,be738afd,3b6976dd
5.5399999999999965,-1.2907521724700928,0.016865091398358345,-0.2907521426677704,-0.016865091398358345,1,bfa35cec,3b8cf250,be8d73b0,bb8cf250
5.569999999999997,-0.3425696790218353,-0.028784828260540962,-1.3425697088241577,0.028784828260540962,1,bfaa0433,3c844f14,bea810c9,bc844f14
5.609999999999997,-1.4009859561920166,0.04450930282473564,-0.4009859561920166,-0.04450930282473564,1,bfb187b6,3d028369,bec61ed6,bd028369
5.629999999999996,-1.425379991531372,0.05227099731564522,-0.4253799319267273,-0.05227099731564522,1,bfb4b91c,3d226756,bed2e46e,bd226756
5.659999999999997,-0.4557023048400879,-0.0637529045343399,-1.455702304840088,0.0637529045343399,1,bfb8a56d,3d519556,bee295b5,bd519556
5.699999999999997,-1.484065055847168,0.07869817316532135,-0.4840649962425232,-0.07869817316532135,1,bfbc5e67,3d878860,bef1799a,bd878860
5.719999999999996,-1.4929563999176025,0.085987888276577,-0.49295637011528015,-0.085987888276577,1,bfbda946,3d969914,bef6a518,bd969914
5.7499999999999964,-0.49958646297454834,-0.09666094928979874,-1.4995864629745483,0.09666094928979874,1,bfbeb855,3dac9cb8,befae155,bdac9cb8
5.7899999999999965,-1.4958404302597046,0.11034409701824188,-0.49584048986434937,-0.11034409701824188,1,bfbee8c6,3dc8dc71,befba317,bdc8dc71
5.809999999999996,-1.4885849952697754,0.11692629009485245,-0.488584965467453,-0.11692629009485245,1,bfbecfab,3dd68cc0,befb3eab,bdd68cc0
5.839999999999996,-0.4710423946380615,-0.12644563615322113,-1.4710423946380615,0.12644563615322113,1,bfbd888a,3dea485d,bef62229,bdea485d
5.879999999999996,-1.4354591369628906,0.13842451572418213,-0.4354591369628906,-0.13842451572418213,1,bfb99109,3e019371,bee64425,be019371
5.899999999999996,-1.4125823974609375,0.14408649504184723,-0.4125824570655823,-0.14408649504184723,1,bfb6d552,3e078562,bedb5549,be078562
5.929999999999996,-0.37213829159736633,-0.15214452147483826,-1.372138261795044,0.15214452147483826,1,bfb1b2ed,3e0ff251,bec6cbb7,be0ff251
5.969999999999996,-1.3072961568832397,0.1620320826768875,-0.30729609727859497,-0.1620320826768875,1,bfa96430,3e1a51b7,bea590bf,be1a51b7
5.989999999999996,-1.2704558372497559,0.1665908843278885,-0.27045586705207825,-0.1665908843278885,1,bfa4b335,3e1f3138,be92ccd6,be1f3138
6.019999999999996,-0.2100406438112259,-0.17292723059654236,-1.2100406885147095,0.17292723059654236,1,bf9cf0cd,3e25f02d,be678662,be25f02d
6.059999999999996,-1.1206378936767578,0.1804039627313614,-0.12063784897327423,-0.1804039627313614,1,bf917a37,3e2df783,be0bd1b6,be2df783
6.079999999999996,-1.0725034475326538,0.18371230363845825,-0.07250341773033142,-0.18371230363845825,1,bf8b542a,3e31a4d9,bdb542a0,be31a4d9
6.109999999999996,0.003505290951579809,-0.1881222128868103,-0.996494710445404,0.1881222128868103,1,bf819497,3e368d54,bc4a4b5c,be368d54
6.149999999999996,-0.8890092968940735,0.19294652342796326,0.11099071800708771,-0.19294652342796326,1,bf679dde,3e3c135d,3dc31112,be3c135d
6.1699999999999955,-0.8330684304237366,0.19489747285842896,0.16693159937858582,-0.19489747285842896,1,bf594e66,3e3e7fcf,3e1ac669,be3e7fcf
6.199999999999996,0.2530263364315033,-0.19723846018314362,-0.7469736337661743,0.19723846018314362,1,bf433d04,3e418643,3e730bed,be418643
6.239999999999996,-0.6291937828063965,0.19925446808338165,0.37080618739128113,-0.19925446808338165,1,bf251084,3e448fc6,3eb5def7,be448fc6
6.259999999999995,-0.0,1.2345670461654663,4.5,-2.75,0,80000000,3f9e064b,40900000,c0300000
6.289999999999996,0.5204426646232605,-0.1999814212322235,-0.4795573353767395,0.1999814212322235,0,3f053bbb,be4cc7ee,bef5888a,3e4cc7ee
6.329999999999996,-0.36001715064048767,0.19912399351596832,0.6399828195571899,-0.19912399351596832,0,beb8542b,3e4be729,3f23d5ea,be4be729
6.349999999999995,-0.30089545249938965,0.19821697473526,0.6991045475006104,-0.19821697473526,0,be9a0ef8,3e4af964,3f32f884,be4af964
6.3799999999999955,0.7863777279853821,-0.19626246392726898,-0.21362227201461792,0.19626246392726898,0,3f49500d,be48f907,be5abfcc,3e48f907
6.4199999999999955,-0.10098344087600708,0.19255930185317993,0.8990165591239929,-0.19255930185317993,0,bdced068,3e452e44,3f6625f3,be452e44
6.439999999999995,-0.04671783372759819,0.19024401903152466,0.9532821774482727,-0.19024401903152466,0,bd3f5b33,3e42cf54,3f740a4d,be42cf54
6.469999999999995,1.0315624475479126,-0.18620175123214722,0.03156239166855812,0.18620175123214722,0,3f840a3d,be3eabac,3d014791,3e3eabac
6.509999999999995,0.1291382610797882,0.1797724962234497,1.1291382312774658,-0.1797724962234497,0,3e043cd2,3e381648,3f90879a,be381648
6.529999999999995,0.1746157854795456,0.17612379789352417,1.174615740776062,-0.17612379789352417,0,3e32ce7b,3e3459cc,3f9659cf,be3459cc
6.559999999999995,1.2382309436798096,-0.1701243817806244,0.23823100328445435,0.1701243817806244,0,3f9e7e5a,be2e3516,3e73f2d4,3e2e3516
6.599999999999995,0.313673734664917,0.16117678582668304,1.313673734664917,-0.16117678582668304,0,3ea099d8,3e250b87,3fa82676,be250b87
6.619999999999995,0.3470679521560669,0.15631254017353058,1.347067952156067,-0.15631254017353058,0,3eb1b2e4,3e201065,3fac6cb9,be201065
6.649999999999995,1.3914086818695068,-0.14854983985424042,0.3914087116718292,0.14854983985424042,0,3fb219ae,be181d73,3ec866b9,3e181d73
6.689999999999995,0.4392518699169159,0.13737303018569946,1.4392518997192383,-0.13737303018569946,0,3ee0e59f,3e0cab84,3fb83968,be0cab84
6.709999999999995,0.45814308524131775,0.13145042955875397,1.4581431150436401,-0.13145042955875397,0,3eea91bb,3e069af1,3fbaa46f,be069af1
6.739999999999995,1.4799965620040894,-0.12217526137828827,0.47999653220176697,0.12217526137828827,0,3fbd7087,bdfa3706,3ef5c21b,3dfa3706
6.939999999999995,0.4211980998516083,0.050868336111307144,1.4211981296539307,-0.050868336111307144,0,3ed7a747,3d505b51,3fb5e9d2,bd505b51
6.959999999999995,0.39620882272720337,0.043092794716358185,1.3962087631225586,-0.043092794716358185,0,3ecadbe2,3d308212,3fb2b6f8,bd308212
6.989999999999995,1.3527085781097412,-0.03130413964390755,0.3527085781097412,0.03130413964390755,0,3fad258e,bd0038c5,3eb49638,3d0038c5
7.029999999999995,0.2840403616428375,0.01541807595640421,1.2840403318405151,-0.01541807595640421,0,3e916dbd,3c7c9c19,3fa45b6f,bc7c9c19
7.0499999999999945,0.2454092651605606,0.0074316770769655704,1.2454092502593994,-0.0074316770769655704,0,3e7b4c91,3bf3856d,3f9f6992,bbf3856d
7.079999999999995,1.182478666305542,0.004566214978694916,0.18247871100902557,-0.004566214978694916,0,3f975b76,3b95a030,3e3adbb3,bb95a030
7.079999999999995,0.18247871100902557,-0.004566214978694916,1.182478666305542,0.004566214978694916,0,3e3adbb3,bb95a030,3f975b76,3b95a030
7.099999999999994,0.1374225914478302,-0.01255834475159645,1.1374225616455078,0.01255834475159645,0,3e0cb882,bc4dc184,3f919710,3c4dc184
7.129999999999995,1.0655900239944458,0.024504881352186203,0.06559006124734879,-0.024504881352186203,0,3f886541,3cc8be76,3d865415,bcc8be76
7.169999999999995,-0.03720235079526901,-0.0402890220284462,0.9627976417541504,0.0402890220284462,0,bd18617e,bd25061a,3f7679e8,3d25061a
7.189999999999994,-0.09119106829166412,-0.048090703785419464,0.9088089466094971,0.048090703785419464,0,bdbac262,bd44fac2,3f68a7b4,3d44fac2
7.219999999999994,0.8251293897628784,0.05964510887861252,-0.1748705804347992,-0.05964510887861252,0,3f533bae,3d744e6e,be331146,bd744e6e
7.2599999999999945,-0.2904168963432312,-0.07470998913049698,0.7095831036567688,0.07470998913049698,0,be94b186,bd99018d,3f35a73d,3d99018d
7.279999999999994,-0.3494262993335724,-0.08206912875175476,0.65057373046875,0.08206912875175476,0,beb2e801,bda813dc,3f268c00,3da813dc
7.309999999999994,0.5611104965209961,0.09285804629325867,-0.4388895332813263,-0.09285804629325867,0,3f0fa4f0,3dbe2c5c,bee0b621,bdbe2c5c
7.349999999999994,-0.558817446231842,-0.10671687871217728,0.44118255376815796,0.10671687871217728,0,bf0f0ea9,bdda8e61,3ee1e2ae,3dda8e61
7.369999999999994,-0.6185718178749084,-0.11339568346738815,0.38142818212509155,0.11339568346738815,0,bf1e5ab9,bde83bff,3ec34a8e,3de83bff
7.399999999999994,0.29266357421875,0.12307049334049225,-0.70733642578125,-0.12307049334049225,0,3e95d800,3dfc0c62,bf351400,bdfc0c62
7.439999999999994,-0.8229562044143677,-0.1352754682302475,0.17704378068447113,0.1352754682302475,0,bf52ad42,be0a85a7,3e354af7,3e0a85a7
7.459999999999994,-0.8791258335113525,-0.14105813205242157,0.12087416648864746,0.14105813205242157,0,bf610e64,be10718b,3df78ce0,3e10718b
7.489999999999994,0.03923990949988365,0.14930622279644012,-0.9607601165771484,-0.14930622279644012,0,3d20ba07,3e18e3bb,bf75f460,be18e3bb
7.529999999999994,-1.0636941194534302,-0.15946294367313385,-0.06369414180517197,0.15946294367313385,0,bf882721,be234a41,bd827213,3e234a41
7.549999999999994,-1.1122090816497803,-0.16416262090206146,-0.11220908164978027,0.16416262090206146,0,bf8e5cde,be281a3f,bde5cde0,3e281a3f
7.579999999999994,-0.18079790472984314,0.17071746289730072,-1.1807979345321655,-0.17071746289730072,0,be392316,3e2ed08f,bf972463,be2ed08f
7.619999999999994,-1.2635878324508667,-0.178497776389122,-0.2635878026485443,0.178497776389122,0,bfa1bd3f,be36c81f,be86f4fb,3e36c81f
7.6399999999999935,-1.300932765007019,-0.18196257948875427,-0.30093276500701904,0.18196257948875427,0,bfa684f7,be3a5466,be9a13dc,3e3a5466
7.669999999999994,-0.3515063226222992,0.18661238253116608,-1.3515063524246216,-0.18661238253116608,0,beb3f8a3,3e3f1751,bfacfe29,be3f1751
7.709999999999994,-1.4081532955169678,-0.19176486134529114,-0.4081532657146454,0.19176486134529114,0,bfb43e5e,be445e02,bed0f977,3e445e02
7.729999999999993,-1.4316222667694092,-0.19388286769390106,-0.4316222667694092,0.19388286769390106,0,bfb73f66,be46893b,bedcfd98,3e46893b
7.759999999999994,-0.4605161249637604,0.19647736847400665,-1.460516095161438,-0.19647736847400665,0,beebc8c5,3e49315d,bfbaf231,be49315d
7.799999999999994,-1.4869155883789062,-0.19883552193641663,-0.48691555857658386,0.19883552193641663,0,bfbe5340,be4b9b8a,bef94cff,3e4b9b8a
