op,time,x1,y1,x2,y2,horizon,bits1,bits2,bits3,bits4,baseline1,baseline2,baseline3,baseline4
new,0.35,,,,,,,,,,,,,
add,0,0,0,1,1,,,,,,,,,
add,0.02,0.02,0,1,1.02,,,,,,,,,
add,0.04,0.04,0,1,1.04,,,,,,,,,
predict,0.04,,,,,-1,3d23d70a,00000000,3f800000,3f851eb8,3d23d70a,00000000,3f800000,3f851eb8
predict,0.04,,,,,0,3d23d70a,00000000,3f800000,3f851eb8,3d23d70a,00000000,3f800000,3f851eb8
predict,0.04,,,,,20,3d75c28f,00000000,3f800000,3f87ae14,3d75c28f,00000000,3f800000,3f87ae14
predict,0.04,,,,,40,3da3d70a,00000000,3f800000,3f8a3d70,3da3d70a,00000000,3f800000,3f8a3d70
predict,0.04,,,,,60,3dcccccc,00000000,3f800000,3f8ccccc,3dcccccc,00000000,3f800000,3f8ccccc
predict,0.04,,,,,999,3dcccccc,00000000,3f800000,3f8ccccc,3dcccccc,00000000,3f800000,3f8ccccc
predict,0.06,,,,,-1,3d23d70a,00000000,3f800000,3f851eb8,3d23d70a,00000000,3f800000,3f851eb8
predict,0.06,,,,,0,3d23d70a,00000000,3f800000,3f851eb8,3d23d70a,00000000,3f800000,3f851eb8
predict,0.06,,,,,20,3d75c28f,00000000,3f800000,3f87ae14,3d75c28f,00000000,3f800000,3f87ae14
predict,0.06,,,,,40,3da3d70a,00000000,3f800000,3f8a3d70,3da3d70a,00000000,3f800000,3f8a3d70
predict,0.06,,,,,60,3dcccccc,00000000,3f800000,3f8ccccc,3dcccccc,00000000,3f800000,3f8ccccc
predict,0.06,,,,,999,3dcccccc,00000000,3f800000,3f8ccccc,3dcccccc,00000000,3f800000,3f8ccccc
predict,0.10666666666666666,,,,,-1,3d23d70a,00000000,3f800000,3f851eb8,3d23d70a,00000000,3f800000,3f851eb8
predict,0.10666666666666666,,,,,0,3d23d70a,00000000,3f800000,3f851eb8,3d23d70a,00000000,3f800000,3f851eb8
predict,0.10666666666666666,,,,,20,3d4ccccc,00000000,3f800000,3f866666,3d4ccccc,00000000,3f800000,3f866666
predict,0.10666666666666666,,,,,40,3d75c28f,00000000,3f800000,3f87ae14,3d75c28f,00000000,3f800000,3f87ae14
predict,0.10666666666666666,,,,,60,3d8f5c29,00000000,3f800000,3f88f5c2,3d8f5c29,00000000,3f800000,3f88f5c2
predict,0.10666666666666666,,,,,999,3d8f5c29,00000000,3f800000,3f88f5c2,3d8f5c29,00000000,3f800000,3f88f5c2
predict,0.14,,,,,-1,3d23d70a,00000000,3f800000,3f851eb8,3d23d70a,00000000,3f800000,3f851eb8
predict,0.14,,,,,0,3d23d70a,00000000,3f800000,3f851eb8,3d23d70a,00000000,3f800000,3f851eb8
predict,0.14,,,,,20,3d23d70a,00000000,3f800000,3f851eb8,3d23d70a,00000000,3f800000,3f851eb8
predict,0.14,,,,,40,3d23d70a,00000000,3f800000,3f851eb8,3d23d70a,00000000,3f800000,3f851eb8
predict,0.14,,,,,60,3d23d70a,00000000,3f800000,3f851eb8,3d23d70a,00000000,3f800000,3f851eb8
predict,0.14,,,,,999,3d23d70a,00000000,3f800000,3f851eb8,3d23d70a,00000000,3f800000,3f851eb8
predict,0.141,,,,,-1,3d23d70a,00000000,3f800000,3f851eb8,3d23d70a,00000000,3f800000,3f851eb8
predict,0.141,,,,,0,3d23d70a,00000000,3f800000,3f851eb8,3d23d70a,00000000,3f800000,3f851eb8
predict,0.141,,,,,20,3d23d70a,00000000,3f800000,3f851eb8,3d23d70a,00000000,3f800000,3f851eb8
predict,0.141,,,,,40,3d23d70a,00000000,3f800000,3f851eb8,3d23d70a,00000000,3f800000,3f851eb8
predict,0.141,,,,,60,3d23d70a,00000000,3f800000,3f851eb8,3d23d70a,00000000,3f800000,3f851eb8
predict,0.141,,,,,999,3d23d70a,00000000,3f800000,3f851eb8,3d23d70a,00000000,3f800000,3f851eb8
predict,NaN,,,,,-1,3d23d70a,00000000,3f800000,3f851eb8,3d23d70a,00000000,3f800000,3f851eb8
predict,NaN,,,,,0,3d23d70a,00000000,3f800000,3f851eb8,3d23d70a,00000000,3f800000,3f851eb8
predict,NaN,,,,,20,3d23d70a,00000000,3f800000,3f851eb8,3d23d70a,00000000,3f800000,3f851eb8
predict,NaN,,,,,40,3d23d70a,00000000,3f800000,3f851eb8,3d23d70a,00000000,3f800000,3f851eb8
predict,NaN,,,,,60,3d23d70a,00000000,3f800000,3f851eb8,3d23d70a,00000000,3f800000,3f851eb8
predict,NaN,,,,,999,3d23d70a,00000000,3f800000,3f851eb8,3d23d70a,00000000,3f800000,3f851eb8
predict,Infinity,,,,,-1,3d23d70a,00000000,3f800000,3f851eb8,3d23d70a,00000000,3f800000,3f851eb8
predict,Infinity,,,,,0,3d23d70a,00000000,3f800000,3f851eb8,3d23d70a,00000000,3f800000,3f851eb8
predict,Infinity,,,,,20,3d23d70a,00000000,3f800000,3f851eb8,3d23d70a,00000000,3f800000,3f851eb8
predict,Infinity,,,,,40,3d23d70a,00000000,3f800000,3f851eb8,3d23d70a,00000000,3f800000,3f851eb8
predict,Infinity,,,,,60,3d23d70a,00000000,3f800000,3f851eb8,3d23d70a,00000000,3f800000,3f851eb8
predict,Infinity,,,,,999,3d23d70a,00000000,3f800000,3f851eb8,3d23d70a,00000000,3f800000,3f851eb8
add,0.04,9,9,9,9,,,,,,,,,
add,0.03,9,9,9,9,,,,,,,,,
add,NaN,9,9,9,9,,,,,,,,,
add,0.06,Infinity,9,9,9,,,,,,,,,
predict,0.06,,,,,40,3da3d70a,00000000,3f800000,3f8a3d70,3da3d70a,00000000,3f800000,3f8a3d70
reset,,,,,,,,,,,,,,
add,1,-0.0,1.234567,0.125,-2.75,,,,,,,,,
predict,1,,,,,0,80000000,3f9e064b,3e000000,c0300000,80000000,3f9e064b,3e000000,c0300000
new,0.25,,,,,,,,,,,,,
add,0,0,0,0,0,,,,,,,,,
add,0.02,3,4,-4,3,,,,,,,,,
predict,0.02,,,,,1000,4049999a,40866666,c0866666,4049999a,4049999a,40866666,c0866666,4049999a
add,0.121,1,1,1,1,,,,,,,,,
predict,0.121,,,,,60,3f800000,3f800000,3f800000,3f800000,3f800000,3f800000,3f800000,3f800000
new,0.35,,,,,,,,,,,,,
add,0,0,0,0,0,,,,,,,,,
add,1e-50,1,0,0,0,,,,,,,,,
predict,1e-50,,,,,60,3f800000,00000000,00000000,00000000,3f800000,00000000,00000000,00000000
new,0,,,,,,,,,,,,,
add,0,0,0,0,0,,,,,,,,,
add,0.02,1,1,-1,-1,,,,,,,,,
predict,0.02,,,,,60,3f800000,3f800000,bf800000,bf800000,3f800000,3f800000,bf800000,bf800000
new,0.35,,,,,,,,,,,,,
add,0.016,1.4361266445876435,-1.9785132759469293,1.6571430069964794,0.784636133729343,,,,,,,,,
predict,0.016,,,,,20,3fb7d2ff,bffd3fec,3fd41d43,3f48ddea,3fb7d2ff,bffd3fec,3fd41d43,3f48ddea
add,0.049,3.560672417331949,-3.9939318112547326,0.6758395855807473,1.9118175401767035,,,,,,,,,
predict,0.089,,,,,20,40742254,c0878394,3ee45d4c,400b4040,40742254,c0878394,3ee45d4c,400b4040
add,0.199,0.6640647498971397,-2.924931040513732,2.8193185743208558,3.121943210831752,,,,,,,,,
predict,0.199,,,,,20,3f2a0026,c03b3212,40346fb7,4047cdeb,3f2a0026,c03b3212,40346fb7,4047cdeb
add,0.232,4.146501142139712,-0.48919187351274207,0.7080576224399913,4.834939953166446,,,,,,,,,
predict,0.312,,,,,60,408ddda9,be93c1e6,3edf5e50,40a1c656,408ddda9,be93c1e6,3edf5e50,40a1c656
add,0.257,-2.9185917824309007,0.34966317275267134,1.6112581989729389,0.8482821699262013,,,,,,,,,
predict,0.257,,,,,40,c03aca35,3f331d20,3fce3db5,3f592905,c03aca35,3f331d20,3fce3db5,3f592905
add,0.273,1.1455297902282702,3.6413596917291287,-3.146225793285824,3.378829491586414,,,,,,,,,
predict,0.35300000000000004,,,,,40,3f92a0b8,407f7270,c0495bc3,40583ebe,3f92a0b8,407f7270,c0495bc3,40583ebe
add,0.28900000000000003,-0.18868301732360848,-0.8873378539528041,2.6891895318535894,-4.637935085436553,,,,,,,,,
predict,0.28900000000000003,,,,,20,be41361f,bf632893,402c1bae,c09469f7,be41361f,bf632893,402c1bae,c09469f7
add,0.31400000000000006,-3.7609562859218126,2.7039274255719494,1.1966619998787023,-0.4842598955034916,,,,,,,,,
predict,0.3940000000000001,,,,,60,c0838cf4,402d0d26,3f992c38,bef7f0ea,c0838cf4,402d0d26,3f992c38,bef7f0ea
add,0.33000000000000007,-4.885452611788789,0.70326544746462,4.929977396852509,3.3578298000653515,,,,,,,,,
predict,0.4100000000000001,,,,,60,c0a788d4,3f340934,409dc260,406d4d15,c0a788d4,3f340934,409dc260,406d4d15
add,0.4800000000000001,0.24178352342423182,-2.399524974718652,1.0376130016813558,-1.7720110733284433,,,,,,,,,
predict,0.4800000000000001,,,,,0,3e77961a,c01991d1,3f84d081,bfe2d142,3e77961a,c01991d1,3f84d081,bfe2d142
add,0.5130000000000001,-0.3305351419320548,-2.3220077607826273,-0.7123933985972419,-1.166137820927986,,,,,,,,,
predict,0.5930000000000001,,,,,20,bede82fc,c013b4db,bf83e9ee,bf872a52,bede82fc,c013b4db,bf83e9ee,bf872a52
add,0.5380000000000001,-0.2588566823288909,4.524252774097288,4.982644341125729,-2.5701945359902254,,,,,,,,,
predict,0.5380000000000001,,,,,40,be8488dd,4093c867,409f71d3,c0247e11,be8488dd,4093c867,409f71d3,c0247e11
add,0.5710000000000002,-4.541291439004872,3.3024627498876296,2.3409246861370834,-2.3004358739466726,,,,,,,,,
predict,0.6510000000000001,,,,,0,c0915242,40535b8d,4015d1b6,c0133a57,c0915242,40535b8d,4015d1b6,c0133a57
add,0.7210000000000002,1.2819406299893927,-2.0881055236830894,-1.9526891394765222,4.695839684498033,,,,,,,,,
predict,0.7210000000000002,,,,,60,3fa416a1,c005a385,bff9f1b8,40964452,3fa416a1,c005a385,bff9f1b8,40964452
add,0.8710000000000002,-3.029597430289418,0.4069654084487606,2.174169601088134,-4.086774880617973,,,,,,,,,
predict,0.8710000000000002,,,,,60,c041e4ed,3ed05dc5,400b2598,c082c6dc,c041e4ed,3ed05dc5,400b2598,c082c6dc
add,0.8870000000000002,3.909053521369172,1.314064123817933,4.779882340092707,-2.00054747098367,,,,,,,,,
predict,0.8870000000000002,,,,,20,408831fa,3fae01ef,40a1b302,bfe411f7,408831fa,3fae01ef,40a1b302,bfe411f7
new,0.35,,,,,,,,,,,,,
add,0.016,-2.0919688890755594,-0.2862516088341778,2.412283520120604,-2.733344599683145,,,,,,,,,
predict,0.096,,,,,40,c005e2d1,be928f92,401a62da,c02eef1e,c005e2d1,be928f92,401a62da,c02eef1e
add,0.032,-4.578570143526673,-0.7953887219041391,-0.31199800697251945,-3.412628702570312,,,,,,,,,
predict,0.112,,,,,0,c09283a6,bf4b9e98,be9fbe34,c05a6882,c09283a6,bf4b9e98,be9fbe34,c05a6882
add,0.182,-0.41751334105699733,-2.1849762583669152,-4.528379603866384,-4.598403361530855,,,,,,,,,
predict,0.222,,,,,60,bed5c44f,c00bd6a7,c090e87c,c093261f,bed5c44f,c00bd6a7,c090e87c,c093261f
add,0.198,3.9587879309499225,4.199796675490237,-1.4727961225654274,-0.9320237241482161,,,,,,,,,
predict,0.23800000000000002,,,,,40,4085036a,408fa1b6,bf9fd60f,bf29c496,4085036a,408fa1b6,bf9fd60f,bf29c496
add,0.231,0.8969603277316249,-1.8260551677689332,0.22794047683736185,2.4891848444467826,,,,,,,,,
predict,0.311,,,,,20,3f659f31,bfe9bc2d,3e9f6e7f,403151b2,3f659f31,bfe9bc2d,3ec479c8,40335db8
add,0.256,3.9532216013705153,-3.5841412464666575,-0.5556619806801422,-2.04358791332477,,,,,,,,,
predict,0.296,,,,,0,407d0195,c0656292,bf0e3fdd,c002ca25,407d0195,c0656292,bf0e3fdd,c002ca25
add,0.28900000000000003,-3.7797790262135313,2.897581077745377,3.0952122441571923,-2.0107784771854864,,,,,,,,,
predict,0.329,,,,,0,c071e7e6,403971f8,404617f5,c000b098,c071e7e6,403971f8,404617f5,c000b098
add,0.30500000000000005,3.150456079591322,0.374470002058235,4.044065745152475,-3.962516396376804,,,,,,,,,
predict,0.30500000000000005,,,,,0,4049a113,3ebfba88,408168fd,c07d99de,4049a113,3ebfba88,408168fd,c07d99de
add,0.32100000000000006,-2.6803541348252455,0.0851639436964522,3.573637498612273,0.7549527345198701,,,,,,,,,
predict,0.32100000000000006,,,,,20,c02b8aec,3d32fcf8,4064b67a,3f414495,c02b8aec,be879897,4064b67a,3f414495
add,0.4710000000000001,-2.738632705386337,-1.889513011860898,-4.331940190441031,-3.0726185475584646,,,,,,,,,
predict,0.551,,,,,0,c02f45c2,bff1db90,c08a9f41,c044a5c8,c02f45c2,bff1db90,c08a9f41,c044a5c8
add,0.6210000000000001,-1.501659097188608,2.671806534614566,-1.627009998268357,-1.490076779544082,,,,,,,,,
predict,0.6210000000000001,,,,,40,bfc0365e,402afee1,bfd041dd,bfbebad6,bfc0365e,402afee1,bfd041dd,bfbebad6
add,0.6540000000000001,3.63682929007034,4.421137731836199,-1.3283231882404012,0.844176410684172,,,,,,,,,
predict,0.6940000000000002,,,,,40,407df643,409115fc,bfa456d7,3f987e05,407df643,409115fc,bfa456d7,3f987e05
add,0.8040000000000002,0.2750732675251797,4.28474786271534,-2.236614056469861,-3.690651562131083,,,,,,,,,
predict,0.8840000000000001,,,,,20,3e8cd667,40891ca8,c00f24af,c06c33a3,3e8cd667,40891ca8,c00f24af,c06c33a3
add,0.8200000000000002,-3.414892820094334,-0.46184923429911073,0.24964537441798917,-1.6201291263400819,,,,,,,,,
predict,0.9000000000000001,,,,,40,c0684d19,bf3cf8fc,3f04c2a7,bfb2b517,c0684d19,bf3cf8fc,3f04c2a7,bfb2b517
add,0.8530000000000002,-1.9347103494800963,3.2199156741322295,-4.954600786490721,-0.08343153950637028,,,,,,,,,
predict,0.9330000000000002,,,,,40,bff7a497,404e1319,c09e8c17,3df0f202,bff7a497,404e1319,c09e8c17,3e887ba9
add,1.0030000000000001,0.7379120290729126,2.428958711859556,4.322826669019726,-2.244896828706798,,,,,,,,,
predict,1.0830000000000002,,,,,40,3f3ce7ce,401b740f,408a5499,c00fac64,3f3ce7ce,401b740f,408a5499,c00fac64
new,0.35,,,,,,,,,,,,,
add,0.025,-4.8034062386679715,-2.239810912564529,4.295990677291021,3.64089976309325,,,,,,,,,
predict,0.10500000000000001,,,,,0,c099b581,c00f5910,408978c1,40690480,c099b581,c00f5910,408978c1,40690480
add,0.041,-4.4178764160737805,4.673379193678757,-3.5560684220342633,-3.528327675829429,,,,,,,,,
predict,0.041,,,,,20,c08cbf98,40a0bb14,c0742168,c070eaa3,c08cbf98,40a0bb14,c0742168,c070eaa3
add,0.057,4.839172563562741,-0.080145308938949,-2.3149366860385667,2.5967376329904246,,,,,,,,,
predict,0.057,,,,,20,40a60db3,bda42339,c01427ec,402630f3,40a60db3,bda42339,c01427ec,402630f3
add,0.207,1.7720187213806335,2.5336452809723866,0.28696910715211565,2.4938383943734017,,,,,,,,,
predict,0.287,,,,,40,3fe2d182,4022273f,3e92ed9d,401f9b0c,3fe2d182,4022273f,3e92ed9d,401f9b0c
add,0.24,3.3392709860723784,-1.6216157521245056,4.969108533171239,3.77330024378994,,,,,,,,,
predict,0.27999999999999997,,,,,60,405d9e51,bff97bfe,40a9d0bb,40776556,405d9e51,bff97bfe,40a9d0bb,40776556
add,0.256,3.5889137403931155,-2.6023648724516857,-3.069564958960598,-1.2214816031720765,,,,,,,,,
predict,0.256,,,,,20,40697b9e,c03ca0c3,c04473c1,bf9c5982,406b374e,c03c4257,c04473c1,bf9c5982
add,0.272,1.5870471700520081,-2.7145598136664697,-0.9170144544793581,-1.5155803388383027,,,,,,,,,
predict,0.272,,,,,60,3fcb245d,c030cfeb,bf6ac176,bfca4e6f,3fcb245d,c04421bf,bf6ac176,bfeecb56
add,0.28800000000000003,-3.626736221841298,-0.7649222281457204,0.9992863949441224,2.068125888470007,,,,,,,,,
predict,0.36800000000000005,,,,,20,c07e82d8,bf43d1f1,3facb56b,40045c2d,c07e82d8,bf43d1f1,3facb56b,40045c2d
add,0.30400000000000005,4.708674529136568,1.8648461614136522,2.4924812720314904,0.2987486739577374,,,,,,,,,
predict,0.38400000000000006,,,,,20,4096ad76,400dc00a,4035eb36,3e98f596,4096ad76,400dc00a,4035eb36,3e98f596
add,0.3370000000000001,-0.9546454947143879,1.9444572460733767,-4.634667240031057,-3.470220661781751,,,,,,,,,
predict,0.3370000000000001,,,,,20,bf7463a6,3ff8fb2f,c0944f32,c0747e7e,bf7463a6,3fff1102,c0944f32,c0747e7e
add,0.3530000000000001,-1.9592096923902478,-0.42584387395076106,3.709005546196668,-3.500098243459895,,,,,,,,,
predict,0.3530000000000001,,,,,20,c013ca17,beda0835,406d6059,c0600b9d,c013ca17,beda0835,406d6059,c0626581
add,0.3780000000000001,-3.7820268178448657,-4.634770948391465,-1.3026379365619123,0.11213095042305987,,,,,,,,,
predict,0.3780000000000001,,,,,60,c07aca60,c09e9ff1,bfa6bcd7,3de5a4e9,c07aca60,c09e9ff1,bfa6bcd7,3de5a4e9
add,0.39400000000000013,-2.219680307819638,-4.2996202025137205,2.757196689390055,4.036899925378361,,,,,,,,,
predict,0.47400000000000014,,,,,40,c00e0f3e,c089967d,403075e9,408c617c,c00e0f3e,c089967d,403075e9,408c617c
add,0.41900000000000015,3.0054061632038085,1.6395560425086666,1.3956095782725617,-3.994998265869729,,,,,,,,,
predict,0.41900000000000015,,,,,40,40563f6b,3fdb4281,3fb2a356,c07fae0d,40563f6b,3fdb4281,3fb2a356,c07fae0d
add,0.5690000000000002,1.325424419821232,0.6627161746449142,3.5383460449849995,-3.986002645152942,,,,,,,,,
predict,0.6490000000000001,,,,,0,3fa9a782,3f29a7c4,40627443,c07f1aab,3fa9a782,3f29a7c4,40627443,c07f1aab
add,0.5850000000000002,-4.609351562003063,3.1563215839771157,4.410646537463233,0.3825366283565854,,,,,,,,,
predict,0.5850000000000002,,,,,60,c09dd328,4052ae7a,408f5573,3f39cb7a,c09dd328,4052ae7a,408f5573,3f39cb7a
new,0.35,,,,,,,,,,,,,
add,0.033,1.524699086098221,3.4241770852850006,-4.431699525543821,-0.720956871770996,,,,,,,,,
predict,0.07300000000000001,,,,,0,3fc32957,405b25b8,c08dd07c,bf3890a1,3fc32957,405b25b8,c08dd07c,bf3890a1
add,0.058,-3.158737771469542,4.732683905061473,4.2976490728447185,0.7307757389738061,,,,,,,,,
predict,0.098,,,,,40,c05fbba7,409a75ac,409492b2,3f49c712,c05fbba7,409a75ac,409492b2,3f49c712
add,0.083,0.7185749487806081,-4.489630944831359,4.95024032437669,0.2514557840202505,,,,,,,,,
predict,0.163,,,,,40,3f37f487,c08fab0f,409f2834,3e80bed0,3f37f487,c08fab0f,40a86e76,3e80bed0
add,0.10800000000000001,4.2058741887634525,4.841226587949706,-4.1191559882884885,0.13373837968933522,,,,,,,,,
predict,0.14800000000000002,,,,,20,4091c9b8,409aeb54,c083d020,3de74414,4091c9b8,409aeb54,c083d020,3d48a134
add,0.12400000000000001,1.6369166564659139,-4.1146456179596,-1.8070968103715082,-3.7206264760963026,,,,,,,,,
predict,0.164,,,,,40,3fd1867c,c083ab2d,bfe74ef3,c078f80c,3fd1867c,c083ab2d,bfe74ef3,c078f80c
add,0.14,2.5219723074489604,-0.9439289199604932,1.2750734413572742,-1.4833392757494979,,,,,,,,,
predict,0.18000000000000002,,,,,40,402167ff,bf71a553,3fd00268,bfbdde10,402167ff,bf71a553,3fd00268,bfbdde10
add,0.165,-1.0187287185335423,3.2468991536541747,-4.048312641001615,-4.392675708550633,,,,,,,,,
predict,0.20500000000000002,,,,,60,bf8265b4,40663398,c0818bc7,c08c90cd,bf8265b4,40663398,c0818bc7,c08c90cd
add,0.181,1.900397491056176,1.6525492963652937,1.1833702591187913,-1.7251184874017178,,,,,,,,,
predict,0.261,,,,,40,3ff3403a,3fd386bc,3f9778ad,bfdcd0af,3ff3403a,3fd386bc,3f9778ad,bfdcd0af
add,0.206,2.7712736884462474,-3.9884812070988405,2.1764164141291795,4.628111514323798,,,,,,,,,
predict,0.246,,,,,0,40315c8c,c07f4347,400b4a68,4094197d,40315c8c,c07f4347,400b4a68,4094197d
add,0.22199999999999998,1.7946274292053213,-0.019731213034112294,4.46056604861238,-2.3980649585617577,,,,,,,,,
predict,0.302,,,,,0,3fe5b65a,bca1a35a,408ebcf5,c01979e5,3fe5b65a,bca1a35a,408ebcf5,c01979e5
add,0.372,-4.481057763603826,-4.351226500079123,-2.4930069005063347,2.940640075287826,,,,,,,,,
predict,0.372,,,,,20,c08f64d3,c08b3d3f,c01f8d6d,403c3372,c08f64d3,c08b3d3f,c01f8d6d,403c3372
add,0.405,2.6322851425363716,2.3950081944035997,2.1535135803137244,2.623410660431146,,,,,,,,,
predict,0.405,,,,,60,4038b823,4028b1dc,40202c40,40265f5e,4038b823,4028b1dc,40202c40,40265f5e
add,0.555,2.6188485900959257,2.4333617419627345,-3.231010701911247,2.58664466172584,,,,,,,,,
predict,0.555,,,,,0,40279b37,401bbc33,c04ec8e1,40258b96,40279b37,401bbc33,c04ec8e1,40258b96
add,0.5880000000000001,-4.731233855196839,-2.34659294580015,-3.7935645682354058,1.2242253930178908,,,,,,,,,
predict,0.6280000000000001,,,,,40,c0a0c9e5,c02264dd,c07b5650,3f66957c,c0a0c9e5,c02264dd,c07b5650,3f66957c
add,0.7380000000000001,-0.7776900207146742,-4.831271382774082,1.164009428414479,-1.9636399006168617,,,,,,,,,
predict,0.7380000000000001,,,,,60,bf4716b1,c09a99c6,3f94fe43,bffb588d,bf4716b1,c09a99c6,3f94fe43,bffb588d
add,0.7540000000000001,3.0308556282037316,-2.5449034204213494,-0.07145815444457604,2.0113846136676496,,,,,,,,,
predict,0.7940000000000002,,,,,20,40552e0a,c0175833,be338c0c,40161e88,40552e0a,c0175833,be338c0c,40161e88
new,0.35,,,,,,,,,,,,,
add,0.15,-2.4439234500752196,-3.5898131072926462,1.0657063645168492,4.373828951462839,,,,,,,,,
predict,0.15,,,,,0,c01c693e,c065bf7f,3f886911,408bf668,c01c693e,c065bf7f,3f886911,408bf668
add,0.16599999999999998,1.433139843096507,0.6161156597054624,2.0756301202396097,-0.5948827741350797,,,,,,,,,
predict,0.206,,,,,0,3fb77120,3f1db9c2,4004d720,bf184a3d,3fb77120,3f1db9c2,4004d720,bf184a3d
add,0.19099999999999998,4.17241169141418,1.057358427091815,-2.863793722608116,4.005104625994155,,,,,,,,,
predict,0.23099999999999998,,,,,0,40858466,3f875785,c0374865,408029d1,40858466,3f875785,c0374865,408029d1
add,0.34099999999999997,-2.361546029470918,-3.436617294550776,2.9145316864206077,4.350412922079194,,,,,,,,,
predict,0.421,,,,,0,c0172392,c05bf18a,403a87b0,408b3695,c0172392,c05bf18a,403a87b0,408b3695
add,0.366,2.297628528364264,3.7054206853747083,-3.189457650424502,-4.256620793610853,,,,,,,,,
predict,0.446,,,,,0,40130c59,406d259d,c04c2013,c088363d,40130c59,406d259d,c04c2013,c088363d
add,0.399,4.152096978186101,-3.018745905718283,0.7494881195951599,0.36830895101907757,,,,,,,,,
predict,0.47900000000000004,,,,,0,4084ddfa,c0413322,3f3fde74,3ebc92fe,4084ddfa,c0413322,3f3fde74,3ebc92fe
add,0.42400000000000004,-1.4783573891253123,-3.2718395654694907,-0.8385003793349348,-2.949582258094259,,,,,,,,,
predict,0.504,,,,,20,bfbd3ad1,c0519744,bf56a7f6,c03cc5f5,bfbd3ad1,c0554906,bf56a7f6,c03cc5f5
add,0.5740000000000001,-3.8346938685387997,4.592366169424492,-4.062291869752737,-3.1634282581016047,,,,,,,,,
predict,0.654,,,,,60,c0756ba0,4092f4aa,c081fe4c,c04a759c,c0756ba0,4092f4aa,c081fe4c,c04a759c
add,0.5900000000000001,-0.8467995199969671,-3.389696062007135,0.09764436477229665,2.6299409064155572,,,,,,,,,
predict,0.67,,,,,20,bf395e9e,c06deb42,3e9a83b1,403a82ea,bf395e9e,c06deb42,3e9a83b1,403a82ea
add,0.6150000000000001,0.6151395524622361,4.117917500465078,-0.04729472170272864,1.6411307777989528,,,,,,,,,
predict,0.6150000000000001,,,,,40,3f771362,4083c5fb,bd41b81c,3fd21093,3f771362,4083c5fb,bd41b81c,3fd21093
add,0.6400000000000001,-1.9133537254723407,1.829699129677289,-3.6255915172656508,1.1816367751696886,,,,,,,,,
predict,0.6800000000000002,,,,,20,bff4e8c6,3fea3395,c06eb776,3f839236,bff4e8c6,3fea3395,c06eb776,3f59ce1b
add,0.6730000000000002,4.610604607875109,1.4127838064449838,-0.5794505006264767,2.6652987528571774,,,,,,,,,
predict,0.7530000000000001,,,,,60,40938a13,3fb0d189,bf1456de,402a9441,40938a13,3f97ba63,bf1456de,402a9441
add,0.8230000000000002,1.9094170264456087,1.9803096049881646,-4.61353681342125,3.7592474282983535,,,,,,,,,
predict,0.9030000000000001,,,,,0,3ff467c7,3ffd7ac9,c093a218,40709783,3ff467c7,3ffd7ac9,c093a218,40709783
add,0.9730000000000002,2.5475075875645627,0.933342890704699,-2.5288746950649523,2.206996212560467,,,,,,,,,
predict,1.0530000000000002,,,,,20,40230a5d,3f6eef8f,c021d915,400d3f6d,40230a5d,3f6eef8f,c021d915,400d3f6d
add,0.9890000000000002,-0.767177130742505,-1.347230931862935,3.77395092343213,-3.7027567753269985,,,,,,,,,
predict,1.0290000000000001,,,,,0,bf4465b8,bfac7210,40718869,c06cf9f8,bf4465b8,bfac7210,40718869,c06cf9f8
add,1.0220000000000002,-1.2814338334009068,-4.53637909076966,0.9056866120325093,1.0374951100248495,,,,,,,,,
predict,1.1020000000000003,,,,,0,bfa40606,c0912a04,3f67db14,3f84cca4,bfa40606,c0912a04,3f67db14,3f84cca4
new,0.35,,,,,,,,,,,,,
add,0.025,-1.2205794859284236,0.15269698716411373,-3.538949970824566,4.488237946989106,,,,,,,,,
predict,0.10500000000000001,,,,,0,bf9c3bf3,3e1c5c99,c0627e28,408f9fa5,bf9c3bf3,3e1c5c99,c0627e28,408f9fa5
add,0.058,2.101061626571626,3.2508428037849555,3.224967451977454,-0.5866488152806539,,,,,,,,,
predict,0.098,,,,,20,4016d940,405f551c,406050c1,bf4bf490,4016d940,405f551c,406050c1,bf4bf490
add,0.083,-3.732255358875509,0.4340470396842475,4.80837568765986,-2.503303090190766,,,,,,,,,
predict,0.083,,,,,40,c06edd46,3ede3b6a,409ef90b,c0342640,c06edd46,3ede3b6a,40a10057,c0317b06
add,0.099,-3.377531085732816,1.5806291652237316,1.2157740466933866,-1.0706148584284603,,,,,,,,,
predict,0.139,,,,,0,c0582978,3fca520e,3f9b9e7c,bf8909e8,c0582978,3fca520e,3f9b9e7c,bf8909e8
add,0.132,-4.908252182488092,2.0391622309221127,-3.4418070812012482,4.021153768804787,,,,,,,,,
predict,0.132,,,,,20,c09d1067,4005f477,c06c0a8e,4088a217,c09d1067,40144aba,c06f30b1,4086ad4b
add,0.157,1.5858447391279649,4.834987474919943,0.2739389880234908,-2.444317396972454,,,,,,,,,
predict,0.157,,,,,20,3fcafcf6,40a39cc4,3e8c41bb,c01c6fb2,3fcafcf6,40a39cc4,3e8c41bb,c01c6fb2
add,0.19,-3.886911575480414,-0.8116186667264005,0.14409369763049984,-3.3399559238333953,,,,,,,,,
predict,0.23,,,,,0,c078c329,bf4fc63e,3e138d4c,c055c1d6,c078c329,bf4fc63e,3e138d4c,c055c1d6
add,0.215,-4.3345667681300775,-1.984616870523367,-4.940500407789855,-0.7086312937189385,,,,,,,,,
predict,0.295,,,,,0,c08ab4c5,bffe07ed,c09e1894,bf3568dc,c08ab4c5,bffe07ed,c09e1894,bf3568dc
add,0.365,1.583843452257642,-0.1800894196931493,1.8701462659852268,-2.3776840653887277,,,,,,,,,
predict,0.40499999999999997,,,,,60,3fcabb62,be38695c,3fef60f4,c0182bfa,3fcabb62,be38695c,3fef60f4,c0182bfa
add,0.398,0.5225839317125791,-4.7037691808900846,3.3517611396105966,0.7410404670906168,,,,,,,,,
predict,0.47800000000000004,,,,,0,3f05c810,c0968547,40568341,3f3db4d4,3f05c810,c0968547,40568341,3f3db4d4
add,0.42300000000000004,0.633945492231371,-2.8965660007352323,-3.46059734605046,-3.447485425862784,,,,,,,,,
predict,0.463,,,,,60,3f224a40,c0396156,c05d7a6d,c05ca39a,3f224a40,c0396156,c05d7a6d,c05ca39a
add,0.5730000000000001,0.8150086606027118,0.7690007785044974,4.183045522229055,4.933286481830123,,,,,,,,,
predict,0.653,,,,,0,3f50a468,3f44dd3c,4085db82,409ddd7c,3f50a468,3f44dd3c,4085db82,409ddd7c
add,0.7230000000000001,-1.3451292226353972,0.22706222703923373,2.6659593459283615,-0.18158173640932418,,,,,,,,,
predict,0.7230000000000001,,,,,0,bfac2d32,3e688300,402a9f14,be39f090,bfac2d32,3e688300,402a9f14,be39f090
add,0.7560000000000001,-3.079141648458079,2.678550808269149,0.9801417690783314,-0.020263580831372252,,,,,,,,,
predict,0.8360000000000001,,,,,60,c052001d,403db700,3f21b946,3c563d1e,c052001d,403db700,3f21b946,3c563d1e
add,0.7720000000000001,3.127915725507597,2.556024513617915,3.7599497309072554,-1.6899146407961618,,,,,,,,,
predict,0.8520000000000001,,,,,40,40482fc5,402395e8,4070a304,bfd84f1f,40482fc5,402395e8,4070a304,bfd84f1f
add,0.7880000000000001,0.5362424471699834,1.7752425712401045,3.2745323909397577,-1.5028473037604373,,,,,,,,,
predict,0.8280000000000002,,,,,60,3f09472f,3fb66e59,405191f0,bfc05d4d,3f09472f,3fb66e59,405191f0,bfc05d4d
new,0.35,,,,,,,,,,,,,
add,0.033,2.718519095734284,-3.1863375636893645,1.8467661911753606,0.4234911441343181,,,,,,,,,
predict,0.07300000000000001,,,,,20,402dfc38,c04becf4,3fec62d6,3ed8d3d5,402dfc38,c04becf4,3fec62d6,3ed8d3d5
add,0.058,4.037347968766634,2.3631965837341244,-3.40493455602642,-2.880287371614272,,,,,,,,,
predict,0.058,,,,,0,408131f4,40173e9d,c059ea73,c03856a1,408131f4,40173e9d,c059ea73,c03856a1
add,0.07400000000000001,4.500962852828634,-4.3686420089580125,2.732258265069232,1.7251583289682726,,,,,,,,,
predict,0.07400000000000001,,,,,60,409b3b16,c08bcbea,402edd52,3fdcd1fd,409b3b16,c08bcbea,402edd52,3fdcd1fd
add,0.10700000000000001,2.9195681725790523,3.4160043045499187,0.09195165760071689,2.0474625437340084,,,,,,,,,
predict,0.10700000000000001,,,,,0,403ada34,405a9fd1,3dbc5127,400309a0,403ada34,405a9fd1,3dbc5127,400309a0
add,0.132,2.6047952279840256,0.9705372553547882,3.817545889624009,1.1680335053460826,,,,,,,,,
predict,0.132,,,,,0,4026b4f7,3f787521,407452ac,3f95821f,4026b4f7,3f787521,407452ac,3f95821f
add,0.165,0.5030289927313083,2.1378601597197067,-4.778980652814822,4.785040803812361,,,,,,,,,
predict,0.165,,,,,0,3f00c682,4008d2b3,c098ed69,40991f0e,3f00c682,4008d2b3,c098ed69,40991f0e
add,0.181,-3.428649384007987,4.325518758791139,-4.117239986285393,4.048690660939801,,,,,,,,,
predict,0.261,,,,,60,c06f0417,408fdaca,c083c06e,40818ee0,c06f0417,408fdaca,c083c06e,40818ee0
add,0.206,-0.03503847726024922,4.132456520150601,-0.43161358195798893,-2.857273696937752,,,,,,,,,
predict,0.286,,,,,40,bd0f8482,40843d15,be4a690a,c04786b9,bd0f8482,40843d15,be4a690a,c04786b9
add,0.356,0.5741849986694945,-2.1247356023114006,0.38985094261523656,-3.613266951462213,,,,,,,,,
predict,0.39599999999999996,,,,,20,3f12fdca,c007fbab,3ec79a8b,c0673fc4,3f12fdca,c007fbab,3ec79a8b,c0673fc4
add,0.381,1.342382091124823,-0.5064037608550116,-1.442937186435409,2.2282962230796866,,,,,,,,,
predict,0.461,,,,,0,3fabd32d,bf01a3ad,bfb8b22a,400e9c68,3fabd32d,bf01a3ad,bfb8b22a,400e9c68
add,0.406,-0.38634460276458693,-0.9207204256548955,-4.414577095728605,-1.7402928180958188,,,,,,,,,
predict,0.406,,,,,40,bec5cef6,bf6bb455,c098776a,bfdec1ea,bec5cef6,bf6bb455,c098776a,bfdec1ea
add,0.43900000000000006,1.525515907822438,-4.71665704308048,3.946538107735135,-4.688558713082393,,,,,,,,,
predict,0.43900000000000006,,,,,20,3fc3441b,c0a18a1f,407c9415,c0a13bdf,3fc3441b,c0a18a1f,407c9415,c0a13bdf
add,0.45500000000000007,3.869683931984124,1.6563871250402418,-2.5748122029322107,0.9656882442356629,,,,,,,,,
predict,0.45500000000000007,,,,,20,408707a7,3fd4047e,c024c9b9,3f773758,408707a7,3fd4047e,c024c9b9,3f773758
add,0.4880000000000001,-2.4333766995420616,3.2521643662257773,-0.2627944663241424,1.854317125676471,,,,,,,,,
predict,0.5280000000000001,,,,,60,c01bbc72,40646d7b,be868cff,3ffb890f,c01bbc72,406689dc,be868cff,400d1388
add,0.6380000000000001,1.9395490307177221,2.6924150866365073,-3.0778792786097586,4.505842121045324,,,,,,,,,
predict,0.6780000000000002,,,,,0,3ff84325,402c5087,c044fbf9,40902fdc,3ff84325,402c5087,c044fbf9,40902fdc
add,0.6710000000000002,2.042173826469872,2.1288837674767036,2.9403570119640063,1.3812998787603137,,,,,,,,,
predict,0.7110000000000002,,,,,40,4006b65f,3fe46c0a,4050102c,3f9c29da,4006b65f,3fe46c0a,4050102c,3f9c29da
new,0.35,,,,,,,,,,,,,
add,0.016,4.944414134786172,-1.5367009719731684,-3.995008792939444,-2.6474284791470915,,,,,,,,,
predict,0.056,,,,,60,409e38a4,bfc4b29e,c07fae39,c0296f78,409e38a4,bfc4b29e,c07fae39,c0296f78
add,0.049,0.5476718666506395,1.07316949840836,-2.565050755256041,4.960770856855451,,,,,,,,,
predict,0.049,,,,,40,3e7c9f66,3fa03bbb,c0200690,40a9c080,3e7c9f66,3fa03bbb,c0200690,40a9c080
add,0.07400000000000001,3.6839290181224786,-4.043436606918388,-1.9932552682628657,4.111142704968898,,,,,,,,,
predict,0.15400000000000003,,,,,60,406bc57e,c08163d5,bfe3526c,40838e7b,406bc57e,c08163d5,bfd25630,40838e7b
add,0.09000000000000001,4.555754835337572,3.2494618991775077,-1.6706436302456815,3.832905349437061,,,,,,,,,
predict,0.17,,,,,40,409adf54,404ff72f,bfba8a16,406e78dd,409cfbf1,404ff72f,bfb6df27,4067f357
add,0.24,4.848575625455268,3.155953703011411,1.441187070820403,-2.952605034893546,,,,,,,,,
predict,0.24,,,,,40,409b2788,4049fb25,3fb878d1,c03cf77b,409b2788,4049fb25,3fb878d1,c03cf77b
add,0.265,4.38771416355481,3.1349725957758086,4.0864902899371,0.797754083699215,,,,,,,,,
predict,0.265,,,,,0,408c6828,4048a364,4082c487,3f4c399d,408c6828,4048a364,4082c487,3f4c399d
add,0.29800000000000004,1.879161997991174,-3.0233902476317254,-2.7350381381053745,2.5792797093926776,,,,,,,,,
predict,0.338,,,,,20,3fc60f4d,c04276bb,c02f0add,403b7468,3fc60f4d,c04276bb,c02f0add,403b7951
add,0.44800000000000006,4.858783380750221,2.0300171256758777,2.4074282486430763,1.891349396316432,,,,,,,,,
predict,0.44800000000000006,,,,,0,409b7b27,4001ebcd,401a134e,3ff217bd,409b7b27,4001ebcd,401a134e,3ff217bd
add,0.4640000000000001,-2.312566049058693,-4.056521216746635,0.8841720819047092,-0.4992059862282714,,,,,,,,,
predict,0.4640000000000001,,,,,60,c0251516,c0890e59,3f3232fc,bf4b5c38,c0251516,c0890e59,3f3232fc,bf4b5c38
add,0.4800000000000001,-3.8008448941288497,-1.7951924180836087,-0.9385910855428747,-3.0072956877884005,,,,,,,,,
predict,0.4800000000000001,,,,,20,c084d3b9,bfe5c8dd,bf9036cf,c0535b99,c084d3b9,bfe5c8dd,bf9036cf,c0535b99
add,0.5050000000000001,-2.7626107793979306,3.231963673362447,-2.8499019113246096,4.004124040995292,,,,,,,,,
predict,0.5050000000000001,,,,,20,c030ce9d,40653ee4,c04ccb31,408021c9,c030ce9d,40653ee4,c04ccb31,408021c9
add,0.5380000000000001,1.9711103456168448,-3.8779422973957702,0.20125565530607048,-4.790954179917891,,,,,,,,,
predict,0.5380000000000001,,,,,20,40148d12,c0783035,3e4e15f6,c0994f7f,40148d12,c0783035,3e4e15f6,c0994f7f
add,0.5710000000000002,-2.9413165466136393,-2.019599884860651,-0.5451802941429706,-4.13973952125901,,,,,,,,,
predict,0.5710000000000002,,,,,0,c03c3e88,c0014120,bf0b90f0,c08478bf,c03c3e88,c0014120,bf0b90f0,c08478bf
add,0.7210000000000002,1.9783933720392568,-1.0796840446146136,3.2528582469076426,0.6142445677477282,,,,,,,,,
predict,0.8010000000000002,,,,,20,3ffd3bfe,bf8a3316,40502ed4,3f1d3f22,3ffd3bfe,bf8a3316,40502ed4,3f1d3f22
add,0.7460000000000002,2.036805859029079,2.5803666530228275,3.810569715264286,-3.3084625400678878,,,,,,,,,
predict,0.7460000000000002,,,,,0,40025b07,402524ba,4073e060,c053bdda,40025b07,402524ba,4073e060,c053bdda
add,0.7790000000000002,-3.3332452531321852,-3.611337800375175,-1.9549843935623512,0.23015499647357363,,,,,,,,,
predict,0.8590000000000002,,,,,60,c05553e4,c0672029,bffa3cee,3e6badc0,c05553e4,c0672029,bffa3cee,3e6badc0
new,0.35,,,,,,,,,,,,,
add,0.016,2.9655939685205084,1.0606305418947715,0.6945762609589989,0.42568751939928795,,,,,,,,,
predict,0.016,,,,,60,403dcc4b,3f87c2be,3f31cfc0,3ed9f3b7,403dcc4b,3f87c2be,3f31cfc0,3ed9f3b7
add,0.049,2.1925155233085105,1.1621913500149184,0.7659785401991108,1.9610773241732424,,,,,,,,,
predict,0.049,,,,,20,3fec3942,3f9a9888,3f4840b7,4013e280,3fec3942,3f9a9888,3f4840b7,4013e280
add,0.065,-0.9780669840326564,-0.9602305868651948,2.416944257788723,2.146698131882361,,,,,,,,,
predict,0.065,,,,,60,bfa9fe19,bf75d1ac,4022fe39,40147f2e,bfa9fe19,bf75d1ac,401eca95,401f68b3
add,0.215,4.427123818594122,4.972725660378641,-2.070581673751125,-3.7791798798506147,,,,,,,,,
predict,0.215,,,,,60,408dab00,409f2092,c0048469,c071de15,408dab00,409f2092,c0048469,c071de15
add,0.24,4.330143223100256,4.581392683836679,-0.3960822787525551,-1.8266994528847191,,,,,,,,,
predict,0.24,,,,,60,4087ded9,4087bbc2,be2c44cd,bfc7cf9c,4087ded9,4087bbc2,be2c44cd,bfc7cf9c
add,0.256,-4.561239579947091,-2.6733006979113783,4.58372706959144,2.275045311326437,,,,,,,,,
predict,0.256,,,,,20,c094713f,c03f20a4,4099f872,40229b2f,c094713f,c03f20a4,4099f872,40229b2f
add,0.272,0.2694996227304518,-0.7266826441512357,-4.670103156021742,3.6465079744400466,,,,,,,,,
predict,0.272,,,,,20,3e89fbdb,bf3a07e0,c095717c,407fc6c9,3e89fbdb,bf3a07e0,c095717c,407fc6c9
add,0.29700000000000004,2.266291401407738,-0.3043268434111601,-3.200031236267178,-0.53365805832523,,,,,,,,,
predict,0.29700000000000004,,,,,60,40274e4c,be880a7f,c04ccd50,bf089dd1,4026f531,be6d76be,c04ccd50,bf089dd1
add,0.33000000000000007,-1.5275613075709495,0.4420737239475061,-0.4058061928418786,-0.9284064599953004,,,,,,,,,
predict,0.37000000000000005,,,,,20,bfc38721,3f3f04fe,bd64bbe0,bf6ef9d4,bfc38721,3f3f04fe,bd80ad70,bf7f8884
add,0.3630000000000001,-1.2061071617478492,-1.2933102435678014,0.9820928059248599,-0.5964011603789761,,,,,,,,,
predict,0.4430000000000001,,,,,0,bf9a61b8,bfa58b31,3f7b6a6f,bf18adbf,bf9a61b8,bfa58b31,3f7b6a6f,bf18adbf
add,0.3790000000000001,2.9371645859200655,-2.5995767474930553,0.25459653407115557,0.5170380057971391,,,,,,,,,
predict,0.3790000000000001,,,,,0,403bfa81,c0265f77,3e825a7a,3f045c9a,403bfa81,c0265f77,3e825a7a,3f045c9a
add,0.39500000000000013,4.8201568322423824,-4.500385131509379,-2.618955471333239,2.3258066684287932,,,,,,,,,
predict,0.39500000000000013,,,,,0,409a3eba,c0900328,c0279cf7,4014da04,409a3eba,c0900328,c0279cf7,4014da04
add,0.42000000000000015,-2.8946769761391353,4.215090002202642,-3.0341446458013746,2.0418682171136524,,,,,,,,,
predict,0.46000000000000013,,,,,40,c0394263,4086e204,c045b93c,4002adf8,c0394263,4086e204,c05895d3,4002adf8
add,0.5700000000000002,1.3376521808355317,-1.6442250328232344,0.3855713889637613,2.8427348659865075,,,,,,,,,
predict,0.6500000000000001,,,,,40,3fab3830,bfd275f7,3ec5699d,4035ef5e,3fab3830,bfd275f7,3ec5699d,4035ef5e
add,0.6030000000000002,2.6440610795275523,4.4833416274893185,4.855400795421687,2.5111913103297834,,,,,,,,,
predict,0.6030000000000002,,,,,60,402de402,409a6bb6,40a68ac9,401f0f2f,402de402,409a6bb6,40a68ac9,401f0f2f
add,0.6360000000000002,0.5274342068325302,2.1687157457302337,3.1624793250099774,3.366763114753418,,,,,,,,,
predict,0.6360000000000002,,,,,60,3f0705ee,400acc3d,404a6610,4057790c,3f0705ee,400acc3d,404a6610,4057790c
new,0.35,,,,,,,,,,,,,
add,0.025,-2.4682408182113837,1.958884426191684,-0.2743564986579976,4.629731260402906,,,,,,,,,
predict,0.065,,,,,60,c01df7a8,3ffabcba,be8c7874,409426c2,c01df7a8,3ffabcba,be8c7874,409426c2
add,0.175,-2.658232568960911,0.05139863088735375,-3.6323596117923787,-1.8248551606889594,,,,,,,,,
predict,0.255,,,,,40,c02a207b,3d52875f,c0687894,bfe994db,c02a207b,3d52875f,c0687894,bfe994db
add,0.19999999999999998,-0.9251653087653198,4.309228626332148,-4.263594730761073,-3.3996628768897197,,,,,,,,,
predict,0.19999999999999998,,,,,0,bf6cd7a2,4089e533,c0886f5e,c0599414,bf6cd7a2,4089e533,c0886f5e,c0599414
add,0.23299999999999998,4.382444624538445,3.1379505648024253,4.784292334535808,4.799786003113079,,,,,,,,,
predict,0.27299999999999996,,,,,60,40977030,4048d42f,409918ec,409997d9,40977030,4048d42f,409918ec,409997d9
add,0.266,-3.5059556311649187,2.8748390116597964,0.5978689097326253,4.182736342520432,,,,,,,,,
predict,0.306,,,,,20,c0606194,4035ed2a,3f190df0,4085d8fa,c0606194,402ece02,3f190df0,4085d8fa
add,0.29100000000000004,2.7150658961556147,-2.310886956267635,2.5461146267516535,-1.2326761006399822,,,,,,,,,
predict,0.37100000000000005,,,,,0,402dc3a4,c013e592,4022f38b,bf9dc855,402dc3a4,c013e592,4022f38b,bf9dc855
add,0.32400000000000007,-0.7005842633819173,3.8328590994487364,-3.700461720240409,1.9595094359206655,,,,,,,,,
predict,0.32400000000000007,,,,,0,bf33597e,40754d90,c06cd45d,3ffad135,bf33597e,40754d90,c06cd45d,3ffad135
add,0.4740000000000001,-3.5777428503071675,-2.4323531942453047,0.8089570494566285,-3.2294327140613097,,,,,,,,,
predict,0.4740000000000001,,,,,20,c064f9bd,c01babad,3f4f17cf,c04eaf07,c064f9bd,c01babad,3f4f17cf,c04eaf07
add,0.4990000000000001,1.560605478093649,3.7926447291271437,1.7611529060466822,2.1081949871642323,,,,,,,,,
predict,0.5790000000000001,,,,,0,3fc7c1ec,4072bab1,3fe16d75,4006ecab,3fc7c1ec,4072bab1,3fe16d75,4006ecab
add,0.6490000000000001,0.6294245228913375,4.4876850932695085,-0.9509644279427585,3.776224396140387,,,,,,,,,
predict,0.6490000000000001,,,,,40,3f2121f7,408f9b1e,bf737268,4071ada9,3f2121f7,408f9b1e,bf737268,4071ada9
add,0.6650000000000001,-3.2441177726401027,4.0929342790459895,-2.8657411062939664,-0.3471822550250492,,,,,,,,,
predict,0.6650000000000001,,,,,20,c065e87a,4081d6a0,c040d779,bf2a24e4,c065e87a,4081d6a0,c040d779,bf2a24e4
add,0.8150000000000002,-1.8356409225944628,-4.973945209553915,4.578667645809581,-3.5380508628593486,,,,,,,,,
predict,0.8150000000000002,,,,,40,bfeaf648,c09f2a8f,40928472,c0626f6d,bfeaf648,c09f2a8f,40928472,c0626f6d
add,0.8310000000000002,-3.056508544702874,2.8434802829476133,2.0158777853869916,-4.025453044535975,,,,,,,,,
predict,0.8310000000000002,,,,,20,c04712ab,404c1d4e,3fd6056f,c082e835,c04712ab,404c1d4e,3fd6056f,c082e835
add,0.8640000000000002,-1.4938366935960454,-2.242273655562148,2.1062324963829084,3.3549439629448745,,,,,,,,,
predict,0.8640000000000002,,,,,20,bfbf360a,c00f8169,4006cc83,4056b767,bfbf360a,c00f8169,4006cc83,4056b767
add,0.8890000000000002,4.425858844473428,-1.734077783073984,2.0331286385108216,-4.032232170797702,,,,,,,,,
predict,0.8890000000000002,,,,,40,4098d3d6,bfddf643,40021ec8,c081080c,4098d3d6,bfddf643,40021ec8,c081080c
add,0.9050000000000002,3.239627262931796,-0.31840429602683074,-2.8312082342804645,4.118746902620504,,,,,,,,,
predict,0.9050000000000002,,,,,20,404f560e,3d016a80,c038f0b3,4083ccc6,404f560e,3d016a80,c038f0b3,4083ccc6
new,0.35,,,,,,,,,,,,,
add,0.016,-1.1472369193535572,1.6583405492806937,1.8550235544348102,2.9033966541377074,,,,,,,,,
predict,0.096,,,,,40,bf92d8a9,3fd44481,3fed7169,4039d140,bf92d8a9,3fd44481,3fed7169,4039d140
add,0.041,0.4335025033005575,1.8155184735149401,-4.212600770224659,-1.413039872142968,,,,,,,,,
predict,0.081,,,,,60,3f482310,3fecd1b1,c08fedf6,bfced6a8,3f482310,3fecd1b1,c08fedf6,bfced6a8
add,0.191,-0.5031358492908078,-2.663097073221554,4.130821431972482,-1.270826931908421,,,,,,,,,
predict,0.191,,,,,20,bf00cd83,c02a702f,40842fb0,bfa2aa75,bf00cd83,c02a702f,40842fb0,bfa2aa75
add,0.20700000000000002,-0.9627452710187647,2.2619356866228806,-1.3647794159039361,-1.714440977371475,,,,,,,,,
predict,0.20700000000000002,,,,,60,bf7ec9c6,40271126,bfdb58b6,bfdf0d94,bf7ec9c6,40271126,bfdb58b6,bfdf0d94
add,0.357,3.9336145978590977,2.6482163152377067,0.9333430589412783,2.449351089610902,,,,,,,,,
predict,0.437,,,,,60,407bc057,40297c60,3f6eef92,401cc22b,407bc057,40297c60,3f6eef92,401cc22b
add,0.382,-3.257754457630919,3.0929540917703697,-2.859076402185136,3.610038173355857,,,,,,,,,
predict,0.422,,,,,60,c066da84,404754eb,c04c6672,406d9911,c066da84,404754eb,c04c6672,406d9911
add,0.41500000000000004,-3.8685828828755584,-4.757395602067617,3.9592223054602744,-0.2710398372933076,,,,,,,,,
predict,0.455,,,,,20,c078f620,c0983c96,407d63e6,be8ac5bc,c08674d6,c0983c96,407d63e6,be8ac5bc
add,0.44800000000000006,0.8121652628140685,-2.20495237810474,3.600691222286116,-0.7964901734137655,,,,,,,,,
predict,0.44800000000000006,,,,,0,3f4fea10,c00d1df1,406671ba,bf4be6c8,3f4fea10,c00d1df1,406671ba,bf4be6c8
add,0.4640000000000001,-4.98530500077009,-2.505734141801624,1.293988082542782,3.096185961222041,,,,,,,,,
predict,0.4640000000000001,,,,,40,c09f879e,c0205df3,3f71a934,404627e9,c09f879e,c0205df3,3f71a934,404627e9
add,0.4890000000000001,4.5770163676126145,0.13764179744545402,-3.7043941955872417,2.0183053670693587,,,,,,,,,
predict,0.5690000000000001,,,,,40,409276eb,3e0cf1f9,c081bd99,40012bea,409276eb,3e0cf1f9,c081bd99,40012bea
add,0.5050000000000001,0.5739523689898771,-1.0213923596578667,2.726845845822556,3.465711815158267,,,,,,,,,
predict,0.5850000000000001,,,,,0,3f12ee8b,bf82bcfc,402e84a4,405dce39,3f12ee8b,bf82bcfc,402e84a4,405dce39
add,0.5210000000000001,-4.882774950083544,4.322889307219969,-2.4841394940160457,3.721958681249234,,,,,,,,,
predict,0.6010000000000001,,,,,0,c09c3fb1,408a551c,c01efc24,406e3492,c09c3fb1,408a551c,c01efc24,406e3492
add,0.6710000000000002,-0.009364333931949353,4.898777725161395,0.5242173383347017,-0.563353585035447,,,,,,,,,
predict,0.7510000000000001,,,,,40,bc196cdd,409cc2ca,3f06331c,bf1037f1,bc196cdd,409cc2ca,3f06331c,bf1037f1
add,0.6870000000000002,4.939207323965194,-2.41684955824768,-0.6690187752626535,3.810715152066111,,,,,,,,,
predict,0.7270000000000002,,,,,0,409e0dfd,c01aadaa,bf2b44d1,4073e2c2,409e0dfd,c01aadaa,bf2b44d1,4073e2c2
add,0.7200000000000002,4.877803561151943,-3.4554207676584934,-1.7668037459856878,-2.377088195438218,,,,,,,,,
predict,0.7600000000000002,,,,,40,409c16f7,c0622355,c00779b6,c0182237,409c16f7,c0738c03,c00779b6,c0182237
add,0.7530000000000002,1.5966865911046115,3.2065621781711044,4.942037131143319,4.575224629911508,,,,,,,,,
predict,0.7930000000000003,,,,,40,3fc3cd37,404d3851,409e252b,4092683d,3fc3cd37,404d3851,409e252b,4092683d
new,0.35,,,,,,,,,,,,,
add,0.15,-4.0884814431308625,-1.3829991614000892,-4.133052258327039,2.834657951492245,,,,,,,,,
predict,0.19,,,,,40,c082d4d7,bfb1061e,c08441f7,40356b09,c082d4d7,bfb1061e,c08441f7,40356b09
add,0.175,-3.2287928351689974,-3.3181142407660937,-1.5975316050055497,-3.2270140432675753,,,,,,,,,
predict,0.175,,,,,40,c0458c67,c068d482,bfbb323b,c06331a4,c0458c67,c068d482,bfbb323b,c06331a4
add,0.32499999999999996,1.0986510809046282,0.9499808808744117,2.1034869526229913,-2.0950988670175597,,,,,,,,,
predict,0.36499999999999994,,,,,0,3f8ca099,3f7331f2,40069f88,c006161a,3f8ca099,3f7331f2,40069f88,c006161a
add,0.475,-1.574241597839162,-0.933738932974193,-2.2984240098148856,-4.762213821697595,,,,,,,,,
predict,0.5549999999999999,,,,,20,bfc980c0,bf6f0984,c0131961,c098640e,bfc980c0,bf6f0984,c0131961,c098640e
add,0.508,-4.095650344319635,-2.7807486537340886,4.267464773429136,2.4327658433770925,,,,,,,,,
predict,0.588,,,,,20,c08c1893,c03f347c,40901bc8,402c3e38,c08c1893,c03f347c,40901bc8,402c3e38
add,0.541,2.2060713589320997,-3.691064344734465,-4.200260943565625,2.100518498260328,,,,,,,,,
predict,0.5810000000000001,,,,,40,400d3046,c0815066,c086688a,40066ee5,400d3046,c0815066,c086688a,40066ee5
add,0.5740000000000001,-4.514535201773372,1.0833414366894676,3.632371536335091,0.013058537857959962,,,,,,,,,
predict,0.6140000000000001,,,,,40,c0907713,3f8aaaef,406878c6,beac8397,c0907713,3f8aaaef,406878c6,beac8397
add,0.5900000000000001,4.033704338360534,-3.189583717657216,-0.6903578355786397,-0.8151775355454891,,,,,,,,,
predict,0.6300000000000001,,,,,20,4081141b,c04c2224,bf30bb4b,bf95248a,4081141b,c04c2224,bf30bb4b,bf95248a
add,0.6230000000000001,1.4532438959317515,-1.7234054614973005,2.8264389364508506,0.7636774429349158,,,,,,,,,
predict,0.6630000000000001,,,,,20,3fba03e5,bfdc988d,4034e460,3f43805d,3fba03e5,bfdc988d,4034e460,3f43805d
add,0.6560000000000001,4.715916091258697,1.9643128226521451,-0.019719996128930717,-4.5972659825135445,,,,,,,,,
predict,0.6960000000000002,,,,,0,4096e8c9,3ffb6e9a,bca18bd4,c0931cce,4096e8c9,3ffb6e9a,bca18bd4,c0931cce
add,0.6810000000000002,-3.3940295525807453,3.6693061796994257,2.9824383432396644,4.082097761546567,,,,,,,,,
predict,0.7610000000000001,,,,,60,c05937c8,40809e28,403ee045,4082a08b,c05937c8,40809e28,403ee045,4082a08b
add,0.6970000000000002,1.6660704861566122,-1.1816448502529786,3.6812557195395055,-4.369919141668356,,,,,,,,,
predict,0.7370000000000002,,,,,0,3fd541cc,bf974023,406b99b2,c08bd661,3fd541cc,bf974023,406b99b2,c08bd661
add,0.8470000000000002,-3.3386428254293454,-4.941811837273249,2.377265046104931,1.0409364753721837,,,,,,,,,
predict,0.9270000000000002,,,,,0,c055ac53,c09e2353,4018251c,3f853d68,c055ac53,c09e2353,4018251c,3f853d68
add,0.8630000000000002,2.5282550540416127,2.8794558623961874,-2.270859810652376,4.112015597580376,,,,,,,,,
predict,0.8630000000000002,,,,,40,402f3fed,404a3442,c024062e,4089c232,402f3fed,404a3442,c024062e,4089c232
add,1.0130000000000001,3.274247535837798,4.411050974854756,-3.087725690082469,-1.3749594124595168,,,,,,,,,
predict,1.0930000000000002,,,,,0,40518d46,408d2754,c0459d4c,bfaffeac,40518d46,408d2754,c0459d4c,bfaffeac
add,1.046,0.27921867810678425,-1.2605384906963524,1.4707433589104921,-1.5713462007629264,,,,,,,,,
predict,1.086,,,,,40,3ded1e9a,bfc8f6e8,3fe9037e,bfcb0f82,3ded1e9a,bfc8f6e8,3fe9037e,bfcb0f82
