session,frame,time_s,x1,y1,x2,y2,color,detected,predicted,width,height,time_source,label
sample,0,0.0,112.0,218.0,148.0,238.0,blue,True,,480.0,640.0,presentationTimeSeconds,unlabeled
sample,0,0.0,206.0,274.0,160.0,270.0,red,True,,480.0,640.0,presentationTimeSeconds,unlabeled
sample,1,0.033331874999998234,-2.0,134.0,136.0,240.0,blue,True,,480.0,640.0,presentationTimeSeconds,unlabeled
sample,1,0.033331874999998234,206.0,276.0,160.0,270.0,red,True,,480.0,640.0,presentationTimeSeconds,unlabeled
sample,2,0.06666362500000034,110.0,214.0,148.0,238.0,blue,True,,480.0,640.0,presentationTimeSeconds,unlabeled
sample,2,0.06666362500000034,206.0,276.0,160.0,270.0,red,True,,480.0,640.0,presentationTimeSeconds,unlabeled
sample,3,0.0999955419999985,110.0,218.0,142.0,236.0,blue,True,,480.0,640.0,presentationTimeSeconds,unlabeled
sample,3,0.0999955419999985,206.0,276.0,160.0,270.0,red,True,,480.0,640.0,presentationTimeSeconds,unlabeled
sample,4,0.13332741700000028,0.0,134.0,100.0,236.0,blue,True,,480.0,640.0,presentationTimeSeconds,unlabeled
sample,4,0.13332741700000028,206.0,276.0,160.0,270.0,red,True,,480.0,640.0,presentationTimeSeconds,unlabeled
sample,5,0.16665920799999867,108.0,222.0,156.0,238.0,blue,True,,480.0,640.0,presentationTimeSeconds,unlabeled
sample,5,0.16665920799999867,206.0,276.0,160.0,270.0,red,True,,480.0,640.0,presentationTimeSeconds,unlabeled
sample,6,0.19999104200000062,-2.0,136.0,130.0,236.0,blue,True,,480.0,640.0,presentationTimeSeconds,unlabeled
sample,6,0.19999104200000062,210.0,276.0,152.0,270.0,red,True,,480.0,640.0,presentationTimeSeconds,unlabeled
sample,7,0.233322832999999,106.0,220.0,148.0,238.0,blue,True,,480.0,640.0,presentationTimeSeconds,unlabeled
sample,7,0.233322832999999,210.0,276.0,152.0,270.0,red,True,,480.0,640.0,presentationTimeSeconds,unlabeled
sample,8,0.26665466700000096,108.0,220.0,148.0,238.0,blue,True,,480.0,640.0,presentationTimeSeconds,unlabeled
sample,8,0.26665466700000096,210.0,276.0,152.0,270.0,red,True,,480.0,640.0,presentationTimeSeconds,unlabeled
sample,9,0.29998649999999927,108.0,220.0,148.0,238.0,blue,True,,480.0,640.0,presentationTimeSeconds,unlabeled
sample,9,0.29998649999999927,210.0,276.0,152.0,270.0,red,True,,480.0,640.0,presentationTimeSeconds,unlabeled
sample,10,0.33331837500000105,0.0,136.0,146.0,242.0,blue,True,,480.0,640.0,presentationTimeSeconds,unlabeled
sample,10,0.33331837500000105,206.0,276.0,160.0,270.0,red,True,,480.0,640.0,presentationTimeSeconds,unlabeled
sample,11,0.3666501669999995,108.0,222.0,156.0,238.0,blue,True,,480.0,640.0,presentationTimeSeconds,unlabeled
sample,11,0.3666501669999995,210.0,276.0,152.0,270.0,red,True,,480.0,640.0,presentationTimeSeconds,unlabeled
sample,12,0.39998199999999784,108.0,218.0,148.0,238.0,blue,True,,480.0,640.0,presentationTimeSeconds,unlabeled
sample,12,0.39998199999999784,210.0,276.0,154.0,270.0,red,True,,480.0,640.0,presentationTimeSeconds,unlabeled
sample,13,0.4333138329999997,108.0,220.0,148.0,238.0,blue,True,,480.0,640.0,presentationTimeSeconds,unlabeled
sample,13,0.4333138329999997,206.0,276.0,160.0,270.0,red,True,,480.0,640.0,presentationTimeSeconds,unlabeled
sample,14,0.4666456249999982,108.0,220.0,148.0,238.0,blue,True,,480.0,640.0,presentationTimeSeconds,unlabeled
sample,14,0.4666456249999982,206.0,276.0,160.0,270.0,red,True,,480.0,640.0,presentationTimeSeconds,unlabeled
sample,15,0.49997745800000004,106.0,220.0,158.0,238.0,blue,True,,480.0,640.0,presentationTimeSeconds,unlabeled
sample,15,0.49997745800000004,204.0,276.0,158.0,270.0,red,True,,480.0,640.0,presentationTimeSeconds,unlabeled
sample,16,0.5333092919999984,110.0,218.0,140.0,238.0,blue,True,,480.0,640.0,presentationTimeSeconds,unlabeled
sample,16,0.5333092919999984,210.0,276.0,152.0,270.0,red,True,,480.0,640.0,presentationTimeSeconds,unlabeled
sample,17,0.5666411250000003,112.0,218.0,142.0,236.0,blue,True,,480.0,640.0,presentationTimeSeconds,unlabeled
sample,17,0.5666411250000003,208.0,276.0,148.0,270.0,red,True,,480.0,640.0,presentationTimeSeconds,unlabeled
sample,18,0.5999728749999989,112.0,218.0,148.0,238.0,blue,True,,480.0,640.0,presentationTimeSeconds,unlabeled
sample,18,0.5999728749999989,208.0,276.0,146.0,270.0,red,True,,480.0,640.0,presentationTimeSeconds,unlabeled
sample,19,0.6333047500000006,108.0,218.0,148.0,238.0,blue,True,,480.0,640.0,presentationTimeSeconds,unlabeled
sample,19,0.6333047500000006,206.0,276.0,144.0,270.0,red,True,,480.0,640.0,presentationTimeSeconds,unlabeled
sample,20,0.6666364999999992,108.0,222.0,158.0,238.0,blue,True,,480.0,640.0,presentationTimeSeconds,unlabeled
sample,20,0.6666364999999992,204.0,276.0,142.0,268.0,red,True,,480.0,640.0,presentationTimeSeconds,unlabeled
sample,21,0.6999684170000009,110.0,222.0,160.0,238.0,blue,True,,480.0,640.0,presentationTimeSeconds,unlabeled
sample,21,0.6999684170000009,204.0,276.0,140.0,268.0,red,True,,480.0,640.0,presentationTimeSeconds,unlabeled
sample,22,0.7333002079999993,104.0,220.0,160.0,238.0,blue,True,,480.0,640.0,presentationTimeSeconds,unlabeled
sample,22,0.7333002079999993,202.0,276.0,144.0,268.0,red,True,,480.0,640.0,presentationTimeSeconds,unlabeled
sample,23,0.7666319999999978,106.0,220.0,160.0,238.0,blue,True,,480.0,640.0,presentationTimeSeconds,unlabeled
sample,23,0.7666319999999978,200.0,276.0,142.0,268.0,red,True,,480.0,640.0,presentationTimeSeconds,unlabeled
sample,24,0.7999638749999995,106.0,220.0,160.0,238.0,blue,True,,480.0,640.0,presentationTimeSeconds,unlabeled
sample,24,0.7999638749999995,198.0,276.0,140.0,268.0,red,True,,480.0,640.0,presentationTimeSeconds,unlabeled
sample,25,0.8332956249999981,112.0,220.0,142.0,238.0,blue,True,,480.0,640.0,presentationTimeSeconds,unlabeled
sample,25,0.8332956249999981,198.0,276.0,138.0,268.0,red,True,,480.0,640.0,presentationTimeSeconds,unlabeled
sample,26,0.866627458,112.0,220.0,160.0,238.0,blue,True,,480.0,640.0,presentationTimeSeconds,unlabeled
sample,26,0.866627458,196.0,276.0,134.0,268.0,red,True,,480.0,640.0,presentationTimeSeconds,unlabeled
sample,27,0.8999592499999984,110.0,220.0,160.0,238.0,blue,True,,480.0,640.0,presentationTimeSeconds,unlabeled
sample,27,0.8999592499999984,196.0,276.0,136.0,270.0,red,True,,480.0,640.0,presentationTimeSeconds,unlabeled
sample,28,0.9332910830000003,106.0,220.0,158.0,236.0,blue,True,,480.0,640.0,presentationTimeSeconds,unlabeled
sample,28,0.9332910830000003,196.0,276.0,134.0,270.0,red,True,,480.0,640.0,presentationTimeSeconds,unlabeled
sample,29,0.9666229169999987,112.0,216.0,152.0,238.0,blue,True,,480.0,640.0,presentationTimeSeconds,unlabeled
sample,29,0.9666229169999987,196.0,276.0,134.0,270.0,red,True,,480.0,640.0,presentationTimeSeconds,unlabeled
sample,30,0.9999547500000006,112.0,216.0,152.0,238.0,blue,True,,480.0,640.0,presentationTimeSeconds,unlabeled
sample,30,0.9999547500000006,194.0,276.0,134.0,270.0,red,True,,480.0,640.0,presentationTimeSeconds,unlabeled
sample,31,1.0332865829999989,108.0,220.0,158.0,236.0,blue,True,,480.0,640.0,presentationTimeSeconds,unlabeled
sample,31,1.0332865829999989,192.0,276.0,134.0,270.0,red,True,,480.0,640.0,presentationTimeSeconds,unlabeled
sample,32,1.0666182920000011,104.0,216.0,160.0,236.0,blue,True,,480.0,640.0,presentationTimeSeconds,unlabeled
sample,32,1.0666182920000011,192.0,276.0,134.0,270.0,red,True,,480.0,640.0,presentationTimeSeconds,unlabeled
sample,33,1.0999501669999994,110.0,218.0,160.0,236.0,blue,True,,480.0,640.0,presentationTimeSeconds,unlabeled
sample,33,1.0999501669999994,192.0,276.0,134.0,270.0,red,True,,480.0,640.0,presentationTimeSeconds,unlabeled
sample,34,1.133281916999998,114.0,216.0,152.0,238.0,blue,True,,480.0,640.0,presentationTimeSeconds,unlabeled
sample,34,1.133281916999998,194.0,276.0,132.0,270.0,red,True,,480.0,640.0,presentationTimeSeconds,unlabeled
sample,35,1.1666137919999997,112.0,214.0,152.0,238.0,blue,True,,480.0,640.0,presentationTimeSeconds,unlabeled
sample,35,1.1666137919999997,194.0,276.0,134.0,268.0,red,True,,480.0,640.0,presentationTimeSeconds,unlabeled
sample,36,1.199945666999998,110.0,218.0,160.0,236.0,blue,True,,480.0,640.0,presentationTimeSeconds,unlabeled
sample,36,1.199945666999998,194.0,276.0,134.0,268.0,red,True,,480.0,640.0,presentationTimeSeconds,unlabeled
sample,37,1.2332774579999999,110.0,218.0,160.0,236.0,blue,True,,480.0,640.0,presentationTimeSeconds,unlabeled
sample,37,1.2332774579999999,196.0,274.0,136.0,266.0,red,True,,480.0,640.0,presentationTimeSeconds,unlabeled
sample,38,1.2666092079999984,110.0,220.0,160.0,236.0,blue,True,,480.0,640.0,presentationTimeSeconds,unlabeled
sample,38,1.2666092079999984,196.0,274.0,136.0,264.0,red,True,,480.0,640.0,presentationTimeSeconds,unlabeled
sample,39,1.2999410000000005,108.0,218.0,160.0,236.0,blue,True,,480.0,640.0,presentationTimeSeconds,unlabeled
sample,39,1.2999410000000005,198.0,272.0,138.0,262.0,red,True,,480.0,640.0,presentationTimeSeconds,unlabeled
sample,40,1.3332729999999984,108.0,220.0,158.0,236.0,blue,True,,480.0,640.0,presentationTimeSeconds,unlabeled
sample,40,1.3332729999999984,198.0,270.0,138.0,260.0,red,True,,480.0,640.0,presentationTimeSeconds,unlabeled
sample,41,1.3666047500000005,112.0,216.0,152.0,238.0,blue,True,,480.0,640.0,presentationTimeSeconds,unlabeled
sample,41,1.3666047500000005,198.0,270.0,140.0,256.0,red,True,,480.0,640.0,presentationTimeSeconds,unlabeled
sample,42,1.399936541999999,0.0,134.0,98.0,238.0,blue,True,,480.0,640.0,presentationTimeSeconds,unlabeled
sample,42,1.399936541999999,200.0,268.0,140.0,254.0,red,True,,480.0,640.0,presentationTimeSeconds,unlabeled
sample,43,1.433268333000001,110.0,220.0,156.0,236.0,blue,True,,480.0,640.0,presentationTimeSeconds,unlabeled
sample,43,1.433268333000001,198.0,268.0,142.0,252.0,red,True,,480.0,640.0,presentationTimeSeconds,unlabeled
sample,44,1.4666001249999994,108.0,220.0,156.0,236.0,blue,True,,480.0,640.0,presentationTimeSeconds,unlabeled
sample,44,1.4666001249999994,202.0,268.0,144.0,252.0,red,True,,480.0,640.0,presentationTimeSeconds,unlabeled
sample,45,1.499931874999998,110.0,218.0,142.0,238.0,blue,True,,480.0,640.0,presentationTimeSeconds,unlabeled
sample,45,1.499931874999998,200.0,266.0,144.0,250.0,red,True,,480.0,640.0,presentationTimeSeconds,unlabeled
sample,46,1.5332637079999998,110.0,216.0,144.0,236.0,blue,True,,480.0,640.0,presentationTimeSeconds,unlabeled
sample,46,1.5332637079999998,200.0,266.0,146.0,250.0,red,True,,480.0,640.0,presentationTimeSeconds,unlabeled
sample,47,1.5665954999999983,104.0,220.0,160.0,238.0,blue,True,,480.0,640.0,presentationTimeSeconds,unlabeled
sample,47,1.5665954999999983,200.0,266.0,146.0,250.0,red,True,,480.0,640.0,presentationTimeSeconds,unlabeled
sample,48,1.5999272920000003,112.0,216.0,156.0,240.0,blue,True,,480.0,640.0,presentationTimeSeconds,unlabeled
sample,48,1.5999272920000003,202.0,266.0,146.0,250.0,red,True,,480.0,640.0,presentationTimeSeconds,unlabeled
sample,49,1.6332590829999987,110.0,220.0,160.0,238.0,blue,True,,480.0,640.0,presentationTimeSeconds,unlabeled
sample,49,1.6332590829999987,202.0,266.0,146.0,250.0,red,True,,480.0,640.0,presentationTimeSeconds,unlabeled
sample,50,1.6665908330000008,110.0,216.0,156.0,240.0,blue,True,,480.0,640.0,presentationTimeSeconds,unlabeled
sample,50,1.6665908330000008,202.0,266.0,146.0,250.0,red,True,,480.0,640.0,presentationTimeSeconds,unlabeled
sample,51,1.6999226249999992,110.0,220.0,160.0,238.0,blue,True,,480.0,640.0,presentationTimeSeconds,unlabeled
sample,51,1.6999226249999992,202.0,266.0,146.0,250.0,red,True,,480.0,640.0,presentationTimeSeconds,unlabeled
sample,52,1.733254500000001,110.0,216.0,146.0,236.0,blue,True,,480.0,640.0,presentationTimeSeconds,unlabeled
sample,52,1.733254500000001,200.0,266.0,146.0,250.0,red,True,,480.0,640.0,presentationTimeSeconds,unlabeled
sample,53,1.7665862079999997,108.0,218.0,160.0,238.0,blue,True,,480.0,640.0,presentationTimeSeconds,unlabeled
sample,53,1.7665862079999997,200.0,266.0,146.0,250.0,red,True,,480.0,640.0,presentationTimeSeconds,unlabeled
sample,54,1.7999179999999981,110.0,216.0,144.0,236.0,blue,True,,480.0,640.0,presentationTimeSeconds,unlabeled
sample,54,1.7999179999999981,200.0,266.0,146.0,250.0,red,True,,480.0,640.0,presentationTimeSeconds,unlabeled
sample,55,1.8332497500000002,108.0,216.0,142.0,238.0,blue,True,,480.0,640.0,presentationTimeSeconds,unlabeled
sample,55,1.8332497500000002,200.0,266.0,146.0,250.0,red,True,,480.0,640.0,presentationTimeSeconds,unlabeled
sample,56,1.8665815829999985,108.0,216.0,142.0,238.0,blue,True,,480.0,640.0,presentationTimeSeconds,unlabeled
sample,56,1.8665815829999985,202.0,266.0,146.0,250.0,red,True,,480.0,640.0,presentationTimeSeconds,unlabeled
sample,57,1.8999133330000006,104.0,220.0,160.0,238.0,blue,True,,480.0,640.0,presentationTimeSeconds,unlabeled
sample,57,1.8999133330000006,202.0,266.0,146.0,250.0,red,True,,480.0,640.0,presentationTimeSeconds,unlabeled
sample,58,1.933245166999999,108.0,220.0,160.0,238.0,blue,True,,480.0,640.0,presentationTimeSeconds,unlabeled
sample,58,1.933245166999999,202.0,266.0,146.0,250.0,red,True,,480.0,640.0,presentationTimeSeconds,unlabeled
sample,59,1.966576958000001,104.0,220.0,160.0,238.0,blue,True,,480.0,640.0,presentationTimeSeconds,unlabeled
sample,59,1.966576958000001,204.0,266.0,146.0,248.0,red,True,,480.0,640.0,presentationTimeSeconds,unlabeled
sample,60,1.9999087499999995,106.0,220.0,160.0,238.0,blue,True,,480.0,640.0,presentationTimeSeconds,unlabeled
sample,60,1.9999087499999995,204.0,266.0,146.0,248.0,red,True,,480.0,640.0,presentationTimeSeconds,unlabeled
sample,61,2.033240457999998,0.0,134.0,152.0,244.0,blue,True,,480.0,640.0,presentationTimeSeconds,unlabeled
sample,61,2.033240457999998,202.0,264.0,148.0,248.0,red,True,,480.0,640.0,presentationTimeSeconds,unlabeled
sample,62,2.066572292,110.0,220.0,160.0,238.0,blue,True,,480.0,640.0,presentationTimeSeconds,unlabeled
sample,62,2.066572292,202.0,264.0,148.0,246.0,red,True,,480.0,640.0,presentationTimeSeconds,unlabeled
sample,63,2.0999040419999986,-2.0,134.0,140.0,240.0,blue,True,,480.0,640.0,presentationTimeSeconds,unlabeled
sample,63,2.0999040419999986,204.0,262.0,148.0,244.0,red,True,,480.0,640.0,presentationTimeSeconds,unlabeled
sample,64,2.1332358330000005,106.0,220.0,162.0,240.0,blue,True,,480.0,640.0,presentationTimeSeconds,unlabeled
sample,64,2.1332358330000005,202.0,262.0,150.0,242.0,red,True,,480.0,640.0,presentationTimeSeconds,unlabeled
sample,65,2.166567624999999,108.0,218.0,158.0,236.0,blue,True,,480.0,640.0,presentationTimeSeconds,unlabeled
sample,65,2.166567624999999,204.0,262.0,150.0,240.0,red,True,,480.0,640.0,presentationTimeSeconds,unlabeled
sample,66,2.199899417000001,108.0,220.0,146.0,234.0,blue,True,,480.0,640.0,presentationTimeSeconds,unlabeled
sample,66,2.199899417000001,202.0,260.0,150.0,240.0,red,True,,480.0,640.0,presentationTimeSeconds,unlabeled
sample,67,2.2332312079999994,110.0,216.0,144.0,238.0,blue,True,,480.0,640.0,presentationTimeSeconds,unlabeled
sample,67,2.2332312079999994,204.0,260.0,150.0,238.0,red,True,,480.0,640.0,presentationTimeSeconds,unlabeled
sample,68,2.266562957999998,108.0,218.0,146.0,234.0,blue,True,,480.0,640.0,presentationTimeSeconds,unlabeled
sample,68,2.266562957999998,206.0,260.0,152.0,238.0,red,True,,480.0,640.0,presentationTimeSeconds,unlabeled
sample,69,2.299894708,112.0,220.0,146.0,238.0,blue,True,,480.0,640.0,presentationTimeSeconds,unlabeled
sample,69,2.299894708,206.0,260.0,154.0,236.0,red,True,,480.0,640.0,presentationTimeSeconds,unlabeled
sample,70,2.3332264999999985,106.0,112.0,130.0,234.0,blue,True,,480.0,640.0,presentationTimeSeconds,unlabeled
sample,70,2.3332264999999985,206.0,260.0,154.0,236.0,red,True,,480.0,640.0,presentationTimeSeconds,unlabeled
sample,71,2.3665582920000006,110.0,220.0,146.0,238.0,blue,True,,480.0,640.0,presentationTimeSeconds,unlabeled
sample,71,2.3665582920000006,204.0,258.0,154.0,236.0,red,True,,480.0,640.0,presentationTimeSeconds,unlabeled
sample,72,2.399890124999999,110.0,216.0,146.0,238.0,blue,True,,480.0,640.0,presentationTimeSeconds,unlabeled
sample,72,2.399890124999999,204.0,258.0,154.0,234.0,red,True,,480.0,640.0,presentationTimeSeconds,unlabeled
sample,73,2.433221833000001,110.0,218.0,146.0,238.0,blue,True,,480.0,640.0,presentationTimeSeconds,unlabeled
sample,73,2.433221833000001,204.0,258.0,154.0,234.0,red,True,,480.0,640.0,presentationTimeSeconds,unlabeled
sample,74,2.4665536669999995,112.0,216.0,146.0,238.0,blue,True,,480.0,640.0,presentationTimeSeconds,unlabeled
sample,74,2.4665536669999995,204.0,258.0,154.0,234.0,red,True,,480.0,640.0,presentationTimeSeconds,unlabeled
sample,75,2.499885457999998,112.0,220.0,146.0,238.0,blue,True,,480.0,640.0,presentationTimeSeconds,unlabeled
sample,75,2.499885457999998,204.0,258.0,154.0,234.0,red,True,,480.0,640.0,presentationTimeSeconds,unlabeled
sample,76,2.533217292,112.0,218.0,146.0,238.0,blue,True,,480.0,640.0,presentationTimeSeconds,unlabeled
sample,76,2.533217292,204.0,258.0,154.0,234.0,red,True,,480.0,640.0,presentationTimeSeconds,unlabeled
sample,77,2.5665489999999984,110.0,216.0,146.0,238.0,blue,True,,480.0,640.0,presentationTimeSeconds,unlabeled
sample,77,2.5665489999999984,206.0,260.0,154.0,236.0,red,True,,480.0,640.0,presentationTimeSeconds,unlabeled
sample,78,2.599880917,108.0,218.0,146.0,238.0,blue,True,,480.0,640.0,presentationTimeSeconds,unlabeled
sample,78,2.599880917,206.0,260.0,152.0,236.0,red,True,,480.0,640.0,presentationTimeSeconds,unlabeled
sample,79,2.6332127499999984,104.0,216.0,146.0,238.0,blue,True,,480.0,640.0,presentationTimeSeconds,unlabeled
sample,79,2.6332127499999984,206.0,260.0,152.0,236.0,red,True,,480.0,640.0,presentationTimeSeconds,unlabeled
sample,80,2.6665445000000005,110.0,218.0,148.0,230.0,blue,True,,480.0,640.0,presentationTimeSeconds,unlabeled
sample,80,2.6665445000000005,206.0,260.0,152.0,236.0,red,True,,480.0,640.0,presentationTimeSeconds,unlabeled
sample,81,2.699876249999999,110.0,220.0,148.0,230.0,blue,True,,480.0,640.0,presentationTimeSeconds,unlabeled
sample,81,2.699876249999999,206.0,260.0,152.0,236.0,red,True,,480.0,640.0,presentationTimeSeconds,unlabeled
sample,82,2.733208042000001,110.0,220.0,148.0,230.0,blue,True,,480.0,640.0,presentationTimeSeconds,unlabeled
sample,82,2.733208042000001,206.0,260.0,154.0,238.0,red,True,,480.0,640.0,presentationTimeSeconds,unlabeled
sample,83,2.7665398329999995,2.0,136.0,146.0,238.0,blue,True,,480.0,640.0,presentationTimeSeconds,unlabeled
sample,83,2.7665398329999995,206.0,260.0,152.0,238.0,red,True,,480.0,640.0,presentationTimeSeconds,unlabeled
sample,84,2.799871666999998,108.0,218.0,148.0,230.0,blue,True,,480.0,640.0,presentationTimeSeconds,unlabeled
sample,84,2.799871666999998,206.0,260.0,152.0,238.0,red,True,,480.0,640.0,presentationTimeSeconds,unlabeled
sample,85,2.833203417,110.0,216.0,146.0,238.0,blue,True,,480.0,640.0,presentationTimeSeconds,unlabeled
sample,85,2.833203417,206.0,260.0,152.0,238.0,red,True,,480.0,640.0,presentationTimeSeconds,unlabeled
sample,86,2.8665351669999986,108.0,220.0,146.0,238.0,blue,True,,480.0,640.0,presentationTimeSeconds,unlabeled
sample,86,2.8665351669999986,206.0,260.0,152.0,238.0,red,True,,480.0,640.0,presentationTimeSeconds,unlabeled
sample,87,2.8998670000000004,106.0,214.0,146.0,238.0,blue,True,,480.0,640.0,presentationTimeSeconds,unlabeled
sample,87,2.8998670000000004,206.0,260.0,154.0,238.0,red,True,,480.0,640.0,presentationTimeSeconds,unlabeled
sample,88,2.933198791999999,108.0,220.0,146.0,238.0,blue,True,,480.0,640.0,presentationTimeSeconds,unlabeled
sample,88,2.933198791999999,206.0,260.0,154.0,238.0,red,True,,480.0,640.0,presentationTimeSeconds,unlabeled
sample,89,2.9665306250000008,110.0,220.0,148.0,232.0,blue,True,,480.0,640.0,presentationTimeSeconds,unlabeled
sample,89,2.9665306250000008,206.0,260.0,154.0,238.0,red,True,,480.0,640.0,presentationTimeSeconds,unlabeled
sample,90,2.9998624169999992,114.0,216.0,146.0,236.0,blue,True,,480.0,640.0,presentationTimeSeconds,unlabeled
sample,90,2.9998624169999992,206.0,260.0,154.0,238.0,red,True,,480.0,640.0,presentationTimeSeconds,unlabeled
sample,91,3.0331941669999978,114.0,216.0,146.0,236.0,blue,True,,480.0,640.0,presentationTimeSeconds,unlabeled
sample,91,3.0331941669999978,206.0,260.0,154.0,238.0,red,True,,480.0,640.0,presentationTimeSeconds,unlabeled
sample,92,3.0665260419999996,112.0,218.0,146.0,236.0,blue,True,,480.0,640.0,presentationTimeSeconds,unlabeled
sample,92,3.0665260419999996,206.0,260.0,154.0,238.0,red,True,,480.0,640.0,presentationTimeSeconds,unlabeled
sample,93,3.099857832999998,112.0,220.0,146.0,236.0,blue,True,,480.0,640.0,presentationTimeSeconds,unlabeled
sample,93,3.099857832999998,206.0,260.0,154.0,238.0,red,True,,480.0,640.0,presentationTimeSeconds,unlabeled
sample,94,3.133189542,108.0,220.0,146.0,236.0,blue,True,,480.0,640.0,presentationTimeSeconds,unlabeled
sample,94,3.133189542,206.0,260.0,154.0,238.0,red,True,,480.0,640.0,presentationTimeSeconds,unlabeled
sample,95,3.1665214169999985,110.0,220.0,146.0,238.0,blue,True,,480.0,640.0,presentationTimeSeconds,unlabeled
sample,95,3.1665214169999985,206.0,260.0,154.0,238.0,red,True,,480.0,640.0,presentationTimeSeconds,unlabeled
sample,96,3.1998531250000006,110.0,220.0,146.0,238.0,blue,True,,480.0,640.0,presentationTimeSeconds,unlabeled
sample,96,3.1998531250000006,206.0,260.0,154.0,238.0,red,True,,480.0,640.0,presentationTimeSeconds,unlabeled
sample,97,3.233184874999999,112.0,218.0,148.0,234.0,blue,True,,480.0,640.0,presentationTimeSeconds,unlabeled
sample,97,3.233184874999999,206.0,260.0,154.0,240.0,red,True,,480.0,640.0,presentationTimeSeconds,unlabeled
sample,98,3.2665166669999977,112.0,220.0,146.0,238.0,blue,True,,480.0,640.0,presentationTimeSeconds,unlabeled
sample,98,3.2665166669999977,206.0,260.0,154.0,240.0,red,True,,480.0,640.0,presentationTimeSeconds,unlabeled
sample,99,3.2998484579999996,110.0,216.0,148.0,234.0,blue,True,,480.0,640.0,presentationTimeSeconds,unlabeled
sample,99,3.2998484579999996,208.0,262.0,154.0,240.0,red,True,,480.0,640.0,presentationTimeSeconds,unlabeled
sample,100,3.333180291999998,114.0,216.0,146.0,238.0,blue,True,,480.0,640.0,presentationTimeSeconds,unlabeled
sample,100,3.333180291999998,208.0,262.0,154.0,242.0,red,True,,480.0,640.0,presentationTimeSeconds,unlabeled
sample,101,3.366512,110.0,218.0,162.0,238.0,blue,True,,480.0,640.0,presentationTimeSeconds,unlabeled
sample,101,3.366512,132.0,160.0,158.0,244.0,red,True,,480.0,640.0,presentationTimeSeconds,unlabeled
sample,102,3.3998438329999985,110.0,214.0,150.0,236.0,blue,True,,480.0,640.0,presentationTimeSeconds,unlabeled
sample,102,3.3998438329999985,206.0,262.0,154.0,244.0,red,True,,480.0,640.0,presentationTimeSeconds,unlabeled
sample,103,3.4331756250000005,110.0,218.0,160.0,236.0,blue,True,,480.0,640.0,presentationTimeSeconds,unlabeled
sample,103,3.4331756250000005,208.0,262.0,154.0,244.0,red,True,,480.0,640.0,presentationTimeSeconds,unlabeled
sample,104,3.466507416999999,4.0,146.0,148.0,238.0,blue,True,,480.0,640.0,presentationTimeSeconds,unlabeled
sample,104,3.466507416999999,208.0,264.0,152.0,246.0,red,True,,480.0,640.0,presentationTimeSeconds,unlabeled
sample,105,3.499839208000001,100.0,214.0,160.0,236.0,blue,True,,480.0,640.0,presentationTimeSeconds,unlabeled
sample,105,3.499839208000001,206.0,264.0,152.0,248.0,red,True,,480.0,640.0,presentationTimeSeconds,unlabeled
sample,106,3.5331710419999993,112.0,220.0,160.0,236.0,blue,True,,480.0,640.0,presentationTimeSeconds,unlabeled
sample,106,3.5331710419999993,206.0,264.0,150.0,250.0,red,True,,480.0,640.0,presentationTimeSeconds,unlabeled
sample,107,3.5665028749999976,110.0,218.0,160.0,236.0,blue,True,,480.0,640.0,presentationTimeSeconds,unlabeled
sample,107,3.5665028749999976,206.0,266.0,148.0,250.0,red,True,,480.0,640.0,presentationTimeSeconds,unlabeled
sample,108,3.5998346669999997,114.0,214.0,150.0,236.0,blue,True,,480.0,640.0,presentationTimeSeconds,unlabeled
sample,108,3.5998346669999997,204.0,268.0,150.0,254.0,red,True,,480.0,640.0,presentationTimeSeconds,unlabeled
sample,109,3.633166457999998,112.0,214.0,152.0,238.0,blue,True,,480.0,640.0,presentationTimeSeconds,unlabeled
sample,109,3.633166457999998,204.0,270.0,148.0,258.0,red,True,,480.0,640.0,presentationTimeSeconds,unlabeled
sample,110,3.666498208,110.0,216.0,158.0,236.0,blue,True,,480.0,640.0,presentationTimeSeconds,unlabeled
sample,110,3.666498208,200.0,270.0,152.0,262.0,red,True,,480.0,640.0,presentationTimeSeconds,unlabeled
sample,111,3.6998300829999984,112.0,220.0,158.0,236.0,blue,True,,480.0,640.0,presentationTimeSeconds,unlabeled
sample,111,3.6998300829999984,200.0,272.0,152.0,266.0,red,True,,480.0,640.0,presentationTimeSeconds,unlabeled
sample,112,3.7331618330000005,110.0,218.0,158.0,236.0,blue,True,,480.0,640.0,presentationTimeSeconds,unlabeled
sample,112,3.7331618330000005,206.0,276.0,144.0,268.0,red,True,,480.0,640.0,presentationTimeSeconds,unlabeled
sample,113,3.7664937499999986,108.0,220.0,158.0,236.0,blue,True,,480.0,640.0,presentationTimeSeconds,unlabeled
sample,113,3.7664937499999986,206.0,276.0,144.0,272.0,red,True,,480.0,640.0,presentationTimeSeconds,unlabeled
sample,114,3.799825458000001,112.0,218.0,158.0,236.0,blue,True,,480.0,640.0,presentationTimeSeconds,unlabeled
sample,114,3.799825458000001,206.0,278.0,144.0,276.0,red,True,,480.0,640.0,presentationTimeSeconds,unlabeled
sample,115,3.8331572079999994,110.0,218.0,158.0,236.0,blue,True,,480.0,640.0,presentationTimeSeconds,unlabeled
sample,115,3.8331572079999994,206.0,280.0,144.0,280.0,red,True,,480.0,640.0,presentationTimeSeconds,unlabeled
sample,116,3.8664890829999976,110.0,220.0,158.0,236.0,blue,True,,480.0,640.0,presentationTimeSeconds,unlabeled
sample,116,3.8664890829999976,200.0,282.0,152.0,282.0,red,True,,480.0,640.0,presentationTimeSeconds,unlabeled
sample,117,3.8998209579999994,112.0,222.0,158.0,236.0,blue,True,,480.0,640.0,presentationTimeSeconds,unlabeled
sample,117,3.8998209579999994,206.0,284.0,144.0,286.0,red,True,,480.0,640.0,presentationTimeSeconds,unlabeled
sample,118,3.933152707999998,114.0,220.0,158.0,236.0,blue,True,,480.0,640.0,presentationTimeSeconds,unlabeled
sample,118,3.933152707999998,204.0,286.0,144.0,290.0,red,True,,480.0,640.0,presentationTimeSeconds,unlabeled
sample,119,3.9664845829999997,104.0,216.0,158.0,236.0,blue,True,,480.0,640.0,presentationTimeSeconds,unlabeled
sample,119,3.9664845829999997,206.0,288.0,144.0,292.0,red,True,,480.0,640.0,presentationTimeSeconds,unlabeled
